fold,model,horizon,test_day,r2_in_sample,sigma_resid,oos_r2,oos_corr,dir_acc,pct_unchanged,n_oos,chosen_z_threshold,bt_trade_count,bt_gross_pnl,bt_net_pnl,bt_total_costs,bt_hit_rate,bt_avg_pnl,bt_sharpe_like,bt_max_drawdown,bt_turnover,bt_rows_total,bt_rows_predictable,bt_blocked_overlap,bt_pass_cost_gate,bt_pass_z_gate,bt_signals,bt_drop_no_execution,bt_drop_no_exit,bt_drop_no_depth,bt_longs,bt_shorts,bt_mean_abs_prediction,bt_max_abs_prediction,bt_mean_cost_threshold,bt_mean_pred_over_cost,bt_time_in_market_frac,bt_net_per_trade,bt_net_per_trade_ticks,bt_net_per_trade_bps,bt_gross_per_trade,bt_gross_per_trade_ticks,bt_cost_per_trade,bt_cost_per_trade_ticks,beta_1,beta_1_t,beta_1_name
0,M0_constant,ms1000,2026-07-29,-1.8058887718552796e-12,0.027153100390093395,-1.903485407561689e-05,,0.5012343923030814,13.22948623012095,113436,0.5,0,0.0,0.0,0.0,,,,0.0,0.0,113567,113567,0,0,0,0,0,0,0,0,0,7.75332481685948e-05,7.753324816882593e-05,0.026065405788943886,0.0029745651687295782,0.0,,,,,,,,,,
0,M1_ofi,ms1000,2026-07-29,0.00014370932093821231,0.027151149243182036,-0.00019329890661046178,-0.002233187517020359,0.49399059220351726,13.22948623012095,113436,0.5,0,0.0,0.0,0.0,,,,0.0,0.0,113567,113567,0,0,1,0,0,0,0,0,0,0.00024452835280027043,0.013726615155909377,0.026065405788943886,0.009381336886916664,0.0,,,,,,,,0.0003255080186698602,8.365919258253337,OFI1_ev50
0,M1N_ofi_normalized,ms1000,2026-07-29,3.997956780055212e-05,0.027152557600058802,-3.832174727480542e-05,-0.0003342524698435476,0.4978817218502677,13.22948623012095,113436,0.5,0,0.0,0.0,0.0,,,,0.0,0.0,113567,113567,0,0,0,0,0,0,0,0,0,9.711214742022963e-05,0.009045677323887436,0.026065405788943886,0.0037257101695083337,0.0,,,,,,,,0.0001716873394092587,4.16485328120711,nOFI_L1
0,M2_ofi_spread_depth,ms1000,2026-07-29,0.000472176999247953,0.02714668909845702,-7.969158320397796e-05,0.006130100279225934,0.5030428024261142,13.22948623012095,113436,1.0,0,0.0,0.0,0.0,,,,0.0,0.0,113567,113567,0,0,0,0,0,0,0,0,0,0.00035453167397761287,0.01418126582937979,0.026065405788943886,0.013601617287231872,0.0,,,,,,,,0.0003178311474177803,8.21331883549703,OFI1_ev50
0,M3_ofi_signedvol,ms1000,2026-07-29,0.0002056636068581419,0.027150308044233844,-0.0001227913258678992,0.0007677101755268482,0.4948135204055715,13.22948623012095,113436,1.5,0,0.0,0.0,0.0,,,,0.0,0.0,113567,113567,0,2,0,0,0,0,0,0,0,0.0002169830277710719,0.01795965828438121,0.026065405788943886,0.008324559745128126,0.0,,,,,,,,0.00023163257390022645,5.415024529936664,OFI1_ev50
0,M4_ofi_intensity,ms1000,2026-07-29,0.00016327896732015734,0.027150883534502103,-0.00015962732141905356,-6.803122757722112e-05,0.49351309065417714,13.22948623012095,113436,0.5,0,0.0,0.0,0.0,,,,0.0,0.0,113567,113567,0,0,0,0,0,0,0,0,0,0.00025362885443223985,0.013499752447345328,0.026065405788943886,0.009730477878837442,0.0,,,,,,,,0.00031935400452959636,8.182428559647535,OFI1_ev50
0,M5_full,ms1000,2026-07-29,0.0005498381162115651,0.027145634458904853,-4.121481549512751e-05,0.007595255730998314,0.5024941836247447,13.22948623012095,113436,1.5,0,0.0,0.0,0.0,,,,0.0,0.0,113567,113567,0,2,0,0,0,0,0,0,0,0.0003356254054830435,0.01722889210715562,0.026065405788943886,0.012876277783690025,0.0,,,,,,,,0.00022466682493642824,5.2876047585707475,OFI1_ev50
1,M0_constant,ms1000,2026-07-30,1.7177370637000422e-12,0.0276195796703859,-5.3841759453554516e-05,-4.7904073360119846e-18,0.5024033271593014,18.870307544804188,108472,0.5,0,0.0,0.0,0.0,,,,0.0,0.0,109019,109019,0,0,0,0,0,0,0,0,0,7.914256341300529e-05,7.914256341295938e-05,0.0215754130006685,0.0036681830104736864,0.0,,,,,,,,,,
1,M1_ofi,ms1000,2026-07-30,0.0001603685697213475,0.02761736492534539,-0.00034032114423321325,-0.0029352277080298265,0.49608536072633885,18.870307544804188,108472,1.0,0,0.0,0.0,0.0,,,,0.0,0.0,109019,109019,0,0,0,0,0,0,0,0,0,0.0002806968341431064,0.00965215332906546,0.0215754130006685,0.013010032954382342,0.0,,,,,,,,0.00034976511473340614,8.880184671891152,OFI1_ev50
1,M1N_ofi_normalized,ms1000,2026-07-30,4.857149718895393e-05,0.027618908900072774,-0.00011478546788845634,-0.004383698907265034,0.494335420383396,18.870307544804188,108472,0.5,0,0.0,0.0,0.0,,,,0.0,0.0,109019,109019,0,0,0,0,0,0,0,0,0,0.00010084605222214043,0.009647484963690917,0.0215754130006685,0.004674119203141825,0.0,,,,,,,,0.00019248975002477347,4.548975210166518,nOFI_L1
1,M2_ofi_spread_depth,ms1000,2026-07-30,0.0004907256018301664,0.027612802021364128,-0.0002695228620730461,0.0028877561236607813,0.5036532845471177,18.870307544804188,108472,1.0,0,0.0,0.0,0.0,,,,0.0,0.0,109019,109019,0,3,0,0,0,0,0,0,0,0.00036690419575428185,0.022313288260546044,0.0215754130006685,0.01700566268385748,0.0,,,,,,,,0.0003416419771525534,8.721196616393136,OFI1_ev50
1,M3_ofi_signedvol,ms1000,2026-07-30,0.00021448506622512298,0.027616617517856764,-0.00014044979451122153,0.0043693352996904185,0.49708532663659194,18.870307544804188,108472,1.5,0,0.0,0.0,0.0,,,,0.0,0.0,109019,109019,0,1,0,0,0,0,0,0,0,0.0002640586599270449,0.022284933006556814,0.0215754130006685,0.012238869305485053,0.0,,,,,,,,0.00026097639115504494,6.013634464942912,OFI1_ev50
1,M4_ofi_intensity,ms1000,2026-07-30,0.00020123705740027198,0.027616800489090553,-0.0003570804752022205,-0.002177605520516859,0.49483540333852255,18.870307544804188,108472,1.0,0,0.0,0.0,0.0,,,,0.0,0.0,109019,109019,0,0,0,0,0,0,0,0,0,0.0003055774812891488,0.00988374075272402,0.0215754130006685,0.01416322743298961,0.0,,,,,,,,0.0003412442976019385,8.661803263327577,OFI1_ev50
1,M5_full,ms1000,2026-07-30,0.0005793398391629179,0.027611577949867235,-8.274087427784238e-05,0.008015498534886974,0.5061077463268298,18.870307544804188,108472,1.5,0,0.0,0.0,0.0,,,,0.0,0.0,109019,109019,0,4,0,0,0,0,0,0,0,0.0003722990659035378,0.02234530251137608,0.0215754130006685,0.0172557098161691,0.0,,,,,,,,0.00025444882804734136,5.901871749114186,OFI1_ev50
2,M0_constant,ms1000,2026-07-31,1.3070655668911968e-12,0.027611297839427312,-4.261609456257531e-05,,0.5077411013249936,17.72647925228207,109988,0.5,0,0.0,0.0,0.0,,,,0.0,0.0,110337,110337,0,0,0,0,0,0,0,0,0,8.290015801052842e-05,8.290015801054089e-05,0.02516789422035355,0.003293885347924188,0.0,,,,,,,,,,
2,M1_ofi,ms1000,2026-07-31,0.0001313320747146074,0.027609484655378776,-1.5835324979285303e-05,0.007060941328878237,0.5018510128079036,17.72647925228207,109988,0.5,0,0.0,0.0,0.0,,,,0.0,0.0,110337,110337,0,0,0,0,0,0,0,0,0,0.00026692441218798365,0.013138794076731557,0.02516789422035355,0.010605750717599527,0.0,,,,,,,,0.00031642589899676435,8.186464573403788,OFI1_ev50
2,M1N_ofi_normalized,ms1000,2026-07-31,3.5746599230335185e-05,0.027610804330017728,-2.420938108249615e-05,0.004360631920420128,0.5036854493817065,17.72647925228207,109988,0.5,2,-0.0049999999999954525,-0.030000000000015348,0.025000000000019895,0.0,-0.015000000000007674,-2.121320343559643,-0.020000000000010232,184.51999999999998,110337,110327,10,3,2,2,0,0,0,0,2,0.0001057792497073555,0.030102826150027292,0.025169178393263738,0.004202729547010807,8.64707236836336e-05,-0.015000000000007674,-1.5000000000007674,-1.6258400173431256,-0.0024999999999977263,-0.24999999999977263,0.012500000000009948,1.2500000000009948,0.000165083620885199,4.082248784332954,nOFI_L1
2,M2_ofi_spread_depth,ms1000,2026-07-31,0.0004243489863346994,0.027605438804667523,0.00022419357367986503,0.016620689999632288,0.5104264512492955,17.72647925228207,109988,1.0,0,0.0,0.0,0.0,,,,0.0,0.0,110337,110337,0,8,0,0,0,0,0,0,0,0.0003514058216848363,0.021702948390014024,0.02516789422035355,0.013962464185845574,0.0,,,,,,,,0.0003080298244601215,8.00860757848025,OFI1_ev50
2,M3_ofi_signedvol,ms1000,2026-07-31,0.00018381270281975226,0.027608760069160722,-2.721128934535244e-05,0.006479320159996198,0.5026024687537988,17.72647925228207,109988,0.5,0,0.0,0.0,0.0,,,,0.0,0.0,110337,110337,0,1,0,0,0,0,0,0,0,0.00023501446870687073,0.010029874607252943,0.02516789422035355,0.00933786778700031,0.0,,,,,,,,0.00022890169430498798,5.371503875694639,OFI1_ev50
2,M4_ofi_intensity,ms1000,2026-07-31,0.00019359284851538927,0.02760862503516186,-0.0001382145369612786,0.0032451497669540247,0.49677868517311113,17.72647925228207,109988,0.5,0,0.0,0.0,0.0,,,,0.0,0.0,110337,110337,0,0,0,0,0,0,0,0,0,0.0003013826157231646,0.01289399211824019,0.02516789422035355,0.01197488407589671,0.0,,,,,,,,0.0003069253437406358,7.9420780507335165,OFI1_ev50
2,M5_full,ms1000,2026-07-31,0.0005329802440126041,0.027603938720600314,9.582849114198044e-05,0.013456867747630486,0.5079400161342011,17.72647925228207,109988,1.0,0,0.0,0.0,0.0,,,,0.0,0.0,110337,110337,0,9,0,0,0,0,0,0,0,0.00035272760977236254,0.021534613595556036,0.02516789422035355,0.014014983005098134,0.0,,,,,,,,0.00022344022272974203,5.277230569957442,OFI1_ev50
3,M0_constant,ms1000,2026-08-03,1.025068918636407e-12,0.02785743078370585,-0.00011467900513051354,-7.965682796780422e-17,0.4927571941746314,22.084916336593647,98968,0.5,0,0.0,0.0,0.0,,,,0.0,0.0,100669,100669,0,0,0,0,0,0,0,0,0,8.116082113590264e-05,8.11608211359667e-05,0.022094884750195904,0.0036732855615000675,0.0,,,,,,,,,,
3,M1_ofi,ms1000,2026-08-03,7.837069833382948e-05,0.02785633915916493,3.101868003096975e-05,0.012643670236978686,0.4983335710858373,22.084916336593647,98968,0.5,0,0.0,0.0,0.0,,,,0.0,0.0,100669,100669,0,0,0,0,0,0,0,0,0,0.00018354811280881173,0.004517405592979045,0.022094884750195904,0.008307267264980158,0.0,,,,,,,,0.00024661399504304375,6.676168542644517,OFI1_ev50
3,M1N_ofi_normalized,ms1000,2026-08-03,3.210374251372272e-05,0.02785698361622455,-8.230081655402621e-05,0.00605707658757347,0.4928609407218166,22.084916336593647,98968,1.5,0,0.0,0.0,0.0,,,,0.0,0.0,100669,100669,0,2,0,0,0,0,0,0,0,9.810879645427299e-05,0.012379157932407472,0.022094884750195904,0.004440339814553824,0.0,,,,,,,,0.00015784058864973732,4.1608893891687,nOFI_L1
3,M2_ofi_spread_depth,ms1000,2026-08-03,0.0003450175214244622,0.027852624718264857,0.00021326692260048574,0.016649039841801334,0.5196405182140031,22.084916336593647,98968,1.0,0,0.0,0.0,0.0,,,,0.0,0.0,100669,100669,0,25,0,0,0,0,0,0,0,0.0002576274482085521,0.022838045327505285,0.022094884750195904,0.011660049424166733,0.0,,,,,,,,0.0002369432336575967,6.441953625069779,OFI1_ev50
3,M3_ofi_signedvol,ms1000,2026-08-03,0.00013477273849227256,0.027855553509335808,0.00010923956820929615,0.015397020144695196,0.49557131926703063,22.084916336593647,98968,0.5,0,0.0,0.0,0.0,,,,0.0,0.0,100669,100669,0,0,0,0,0,0,0,0,0,0.00018437112731537256,0.013299081283483003,0.022094884750195904,0.008344516362038857,0.0,,,,,,,,0.00015731395543590687,3.886036157570647,OFI1_ev50
3,M4_ofi_intensity,ms1000,2026-08-03,0.000150484890660052,0.02785533464363149,0.00015558523708680827,0.01751622783030259,0.49742578879796656,22.084916336593647,98968,0.5,0,0.0,0.0,0.0,,,,0.0,0.0,100669,100669,0,0,0,0,0,0,0,0,0,0.0002350796589942023,0.010492536118825615,0.022094884750195904,0.01063955126501024,0.0,,,,,,,,0.0002379394216220438,6.447104919972256,OFI1_ev50
3,M5_full,ms1000,2026-08-03,0.00046471333006115056,0.02785095717181201,0.00044624663981840396,0.022720219539262433,0.5190180389308918,22.084916336593647,98968,1.0,0,0.0,0.0,0.0,,,,0.0,0.0,100669,100669,0,25,0,0,0,0,0,0,0,0.0002959683221494945,0.023082726269362017,0.022094884750195904,0.013395332245255106,0.0,,,,,,,,0.0001509899092505386,3.7535552186920316,OFI1_ev50
4,M0_constant,ms1000,2026-08-04,1.5266676811620528e-12,0.02782683525025208,-0.00016405519761319987,-6.786752765398312e-17,0.49691120163431074,22.885281160678066,106007,0.5,0,0.0,0.0,0.0,,,,0.0,0.0,106722,106722,0,0,0,0,0,0,0,0,0,5.0441977900635563e-05,5.044197790064188e-05,0.02055995908083813,0.002453408477239989,0.0,,,,,,,,,,
4,M1_ofi,ms1000,2026-08-04,5.857962688826657e-05,0.027826020195502597,0.0001253863271813982,0.018723024570021004,0.5004464995657333,22.885281160678066,106007,0.5,0,0.0,0.0,0.0,,,,0.0,0.0,106722,106722,0,0,0,0,0,0,0,0,0,0.00018228429079459436,0.010028533132413003,0.02055995908083813,0.008865985096462727,0.0,,,,,,,,0.00021297906551441192,5.8792089335289175,OFI1_ev50
4,M1N_ofi_normalized,ms1000,2026-08-04,1.7439060093327186e-05,0.027826592612268213,-6.470708351535848e-05,0.014730198181885456,0.4932168764602982,22.885281160678066,106007,1.0,0,0.0,0.0,0.0,,,,0.0,0.0,106722,106722,0,0,0,0,0,0,0,0,0,6.507979040009899e-05,0.00688257425026421,0.02055995908083813,0.003165365755068711,0.0,,,,,,,,0.00011620509062075296,3.279830942897057,nOFI_L1
4,M2_ofi_spread_depth,ms1000,2026-08-04,0.00030805305565950736,0.02782254884930288,0.00040830026795968255,0.022884632647351102,0.5198478231617062,22.885281160678066,106007,1.0,0,0.0,0.0,0.0,,,,0.0,0.0,106722,106722,0,3,0,0,0,0,0,0,0,0.00025092752209297304,0.023005201932464154,0.02055995908083813,0.012204670306315802,0.0,,,,,,,,0.00020259853869168394,5.610768688455262,OFI1_ev50
4,M3_ofi_signedvol,ms1000,2026-08-04,0.0001401728341744457,0.02782488489872104,0.00025323239400465436,0.021623223106788016,0.502623949502734,22.885281160678066,106007,0.5,1,0.060000000000002274,0.04000000000000625,0.01999999999999602,1.0,0.04000000000000625,,0.0,99.05,106722,106716,6,4,2,1,0,0,0,1,0,0.00016730629206590972,0.040028457196795326,0.02055961573736631,0.008137617657991389,5.081121065549088e-05,0.04000000000000625,4.000000000000625,4.038364462393362,0.060000000000002274,6.000000000000227,0.01999999999999602,1.999999999999602,0.00010650889745426922,2.691190668749654,OFI1_ev50
4,M4_ofi_intensity,ms1000,2026-08-04,0.00012448046275637115,0.027825103247685844,0.00047576102234725415,0.030503899531296858,0.5015719231286775,22.885281160678066,106007,0.5,0,0.0,0.0,0.0,,,,0.0,0.0,106722,106722,0,0,0,0,0,0,0,0,0,0.00023242738755627757,0.010875457472809831,0.02055995908083813,0.01130485652439356,0.0,,,,,,,,0.0002051249540273185,5.661826651490449,OFI1_ev50
4,M5_full,ms1000,2026-08-04,0.0004443075436464383,0.027820652727031714,0.0008519697078226418,0.033335291679456536,0.5240559286579324,22.885281160678066,106007,1.0,1,0.060000000000002274,0.04000000000000625,0.01999999999999602,1.0,0.04000000000000625,,0.0,99.05,106722,106716,6,7,1,1,0,0,0,1,0,0.0002755484955056371,0.03767202269640238,0.02055961573736631,0.013402414666964728,5.081121065549088e-05,0.04000000000000625,4.000000000000625,4.038364462393362,0.060000000000002274,6.000000000000227,0.01999999999999602,1.999999999999602,9.89810076037892e-05,2.514779422097837,OFI1_ev50
5,M0_constant,ms1000,2026-08-05,2.4175106361212784e-12,0.02753542489276603,-1.7256906285734175e-05,1.1436776640686034e-16,0.49814872129944865,19.078141812919743,107804,0.5,0,0.0,0.0,0.0,,,,0.0,0.0,108394,108394,0,0,0,0,0,0,0,0,0,8.781263438824409e-05,8.78126343882585e-05,0.025102311427415903,0.0034981891863686337,0.0,,,,,,,,,,
5,M1_ofi,ms1000,2026-08-05,4.497902576194868e-05,0.027534805627508735,7.963915058251114e-05,0.009993095996363305,0.4969336405424304,19.078141812919743,107804,0.5,0,0.0,0.0,0.0,,,,0.0,0.0,108394,108394,0,0,0,0,0,0,0,0,0,0.00015686938954251136,0.00545428911088059,0.025102311427415903,0.00624920099474122,0.0,,,,,,,,0.0001846701085743536,5.259104273728141,OFI1_ev50
5,M1N_ofi_normalized,ms1000,2026-08-05,1.6971817473954154e-05,0.027535191228671443,3.471555301515217e-05,0.008607046734480662,0.4976902002590644,19.078141812919743,107804,0.5,0,0.0,0.0,0.0,,,,0.0,0.0,108394,108394,0,0,0,0,0,0,0,0,0,9.67993451105807e-05,0.006988771496466666,0.025102311427415903,0.0038561925020522093,0.0,,,,,,,,0.00011343726803391482,3.206999593723219,nOFI_L1
5,M2_ofi_spread_depth,ms1000,2026-08-05,0.000300711286786548,0.027531284474949187,0.0006634657631060525,0.029681278797258605,0.5171429553973658,19.078141812919743,107804,1.0,0,0.0,0.0,0.0,,,,0.0,0.0,108394,108394,0,7,0,0,0,0,0,0,0,0.0002424543985394009,0.024179541249762206,0.025102311427415903,0.009658648337642737,0.0,,,,,,,,0.0001748737929345342,4.99666567014792,OFI1_ev50
5,M3_ofi_signedvol,ms1000,2026-08-05,0.00012909715935638388,0.027533647462831302,0.00022312671668245354,0.017240393354149685,0.49914600456228436,19.078141812919743,107804,0.5,1,0.0799999999999983,0.05000000000001137,0.029999999999986926,1.0,0.05000000000001137,,0.0,99.87,108394,108388,6,1,2,1,0,0,0,0,1,0.00013895949707165795,0.025507451554119015,0.02510204030766637,0.005535784954867536,5.075837359471033e-05,0.05000000000001137,5.000000000001137,5.006508461000437,0.0799999999999983,7.9999999999998295,0.029999999999986926,2.9999999999986926,8.049629233231134e-05,2.1006647893763937,OFI1_ev50
5,M4_ofi_intensity,ms1000,2026-08-05,8.667483201518777e-05,0.027534231552743937,4.3956704628755894e-05,0.008127069435574888,0.4948359067826725,19.078141812919743,107804,0.5,0,0.0,0.0,0.0,,,,0.0,0.0,108394,108394,0,0,0,0,0,0,0,0,0,0.00019038091302399143,0.0056859877018174045,0.025102311427415903,0.007584198513929031,0.0,,,,,,,,0.00017878289804923122,5.083357325357167,OFI1_ev50
5,M5_full,ms1000,2026-08-05,0.00042253594452457133,0.027529606924743374,0.0007826218228322857,0.03200296627662399,0.5196189690154407,19.078141812919743,107804,1.0,0,0.0,0.0,0.0,,,,0.0,0.0,108394,108394,0,8,0,0,0,0,0,0,0,0.00025355557208259975,0.02462281678837912,0.025102311427415903,0.010100885442990514,0.0,,,,,,,,7.233150835861902e-05,1.8983424253786427,OFI1_ev50
6,M0_constant,ms1000,2026-08-06,1.3793410857942945e-12,0.02751278470948225,-6.639507556549518e-05,,0.49837898137281106,18.35121775348912,105399,0.5,0,0.0,0.0,0.0,,,,0.0,0.0,106377,106377,0,0,0,0,0,0,0,0,0,6.865157892570949e-05,6.865157892581328e-05,0.025856904621551317,0.002655057901574556,0.0,,,,,,,,,,
6,M1_ofi,ms1000,2026-08-06,4.2643726617885847e-05,0.02751219807939399,-7.835843053372038e-05,0.0025684852521641374,0.49325447087395563,18.35121775348912,105399,0.5,0,0.0,0.0,0.0,,,,0.0,0.0,106377,106377,0,0,0,0,0,0,0,0,0,0.00015449521828163804,0.004988842137419449,0.025856904621551317,0.0059750082441371866,0.0,,,,,,,,0.00017966435501682616,5.142273385530851,OFI1_ev50
6,M1N_ofi_normalized,ms1000,2026-08-06,1.799129462487503e-05,0.027512537213061433,-7.586056671549102e-05,0.001090882890286476,0.4965778495648233,18.35121775348912,105399,0.5,1,0.0350000000000108,0.010000000000005116,0.025000000000005684,1.0,0.010000000000005116,,0.0,100.74,106377,106372,5,1,1,1,0,0,0,1,0,8.213330329012176e-05,0.01875537426794653,0.025857179924500807,0.0031764215405523347,5.0241920685098746e-05,0.010000000000005116,1.0000000000005116,0.9926543577531385,0.0350000000000108,3.50000000000108,0.025000000000005684,2.5000000000005684,0.00011669857562730193,3.530933509842006,nOFI_L1
6,M2_ofi_spread_depth,ms1000,2026-08-06,0.00029532973806956075,0.02750872173772991,0.0003336419383324074,0.02066632613647927,0.5165413621204551,18.35121775348912,105399,1.0,0,0.0,0.0,0.0,,,,0.0,0.0,106377,106377,0,9,0,0,0,0,0,0,0,0.0002270420242249559,0.024519268343914193,0.025856904621551317,0.008780711672491531,0.0,,,,,,,,0.00017034122924992312,4.891106514181678,OFI1_ev50
6,M3_ofi_signedvol,ms1000,2026-08-06,0.00014881432303692765,0.027510737485100495,5.002273885901243e-05,0.011513004919255389,0.49829763993632126,18.35121775348912,105399,0.5,1,-0.030000000000001137,-0.07000000000000739,0.04000000000000625,0.0,-0.07000000000000739,,0.0,97.08,106377,106372,5,2,2,1,0,0,0,0,1,0.00012020809996097701,0.015354738200897571,0.025855863788687497,0.004649162021559329,4.8099418405801e-05,-0.07000000000000739,-7.000000000000739,-7.2105480016488865,-0.030000000000001137,-3.0000000000001137,0.04000000000000625,4.000000000000625,6.277644600589069e-05,1.640481573532899,OFI1_ev50
6,M4_ofi_intensity,ms1000,2026-08-06,9.388354036321545e-05,0.02751149318035095,6.9841545885518386e-06,0.009491824195516217,0.4917438441962885,18.35121775348912,105399,0.5,0,0.0,0.0,0.0,,,,0.0,0.0,106377,106377,0,0,0,0,0,0,0,0,0,0.00018903550682165482,0.0063836976353271015,0.025856904621551317,0.007310832815777057,0.0,,,,,,,,0.0001729789934841447,4.941593855105671,OFI1_ev50
6,M5_full,ms1000,2026-08-06,0.00044425977079032286,0.02750667261885379,0.0005347519071078333,0.027738816850126094,0.523606446889852,18.35121775348912,105399,1.0,0,0.0,0.0,0.0,,,,0.0,0.0,106377,106377,0,11,0,0,0,0,0,0,0,0.00022755081248248337,0.024866185437532686,0.025856904621551317,0.008800388747724404,0.0,,,,,,,,5.5462178395399736e-05,1.456709287999591,OFI1_ev50
7,M0_constant,ms1000,2026-08-07,-1.886935052652916e-12,0.027496473531916255,-1.2498930479498682e-06,1.6035596382351973e-16,0.49823662667970964,23.341358487587325,101348,0.5,0,0.0,0.0,0.0,,,,0.0,0.0,102888,102888,0,0,0,0,0,0,0,0,0,4.997185402667201e-05,4.9971854026729455e-05,0.02428718558391696,0.002057539925900822,0.0,,,,,,,,,,
7,M1_ofi,ms1000,2026-08-07,4.937312495956192e-05,0.027495794730125322,0.0001396693868395138,0.012454496673724351,0.4993178190804716,23.341358487587325,101348,0.5,0,0.0,0.0,0.0,,,,0.0,0.0,102888,102888,0,0,0,0,0,0,0,0,0,0.00016777894585088247,0.005848229404200495,0.02428718558391696,0.006908126315055053,0.0,,,,,,,,0.00019320666542723834,5.5725302273625195,OFI1_ev50
7,M1N_ofi_normalized,ms1000,2026-08-07,2.2212973504687206e-05,0.027496168141001785,4.972156855043153e-05,0.007274980028070064,0.49505740616794525,23.341358487587325,101348,0.5,1,0.010000000000005116,-0.01999999999999602,0.030000000000001137,0.0,-0.01999999999999602,,0.0,99.72,102888,102882,6,3,2,1,0,0,0,1,0,7.561034082544271e-05,0.016352722612194837,0.024287046814424527,0.0031131961577369025,4.876754910236032e-05,-0.01999999999999602,-1.999999999999602,-2.0056157240268773,0.010000000000005116,1.0000000000005116,0.030000000000001137,3.0000000000001137,0.00012959258294471378,3.8920262514923754,nOFI_L1
7,M2_ofi_spread_depth,ms1000,2026-08-07,0.0002966471255690939,0.027492394854493587,0.0008749312013920374,0.03599131799256056,0.5233614786593215,23.341358487587325,101348,1.0,0,0.0,0.0,0.0,,,,0.0,0.0,102888,102888,0,4,0,0,0,0,0,0,0,0.0002518799945571054,0.025304655577372194,0.02428718558391696,0.010370900888734552,0.0,,,,,,,,0.0001837756540377043,5.307234241728146,OFI1_ev50
7,M3_ofi_signedvol,ms1000,2026-08-07,0.00013877133712669742,0.027494565604522448,0.00013343261555487373,0.011732740032107787,0.5006564382433197,23.341358487587325,101348,1.0,0,0.0,0.0,0.0,,,,0.0,0.0,102888,102888,0,2,0,0,0,0,0,0,0,0.00013157338311179867,0.017769141427747225,0.02428718558391696,0.005417399338313078,0.0,,,,,,,,8.812455679889662e-05,2.299873443728476,OFI1_ev50
7,M4_ofi_intensity,ms1000,2026-08-07,0.00011328785978526046,0.027494915979482493,9.660523652699204e-05,0.009859822373403505,0.4983395973845441,23.341358487587325,101348,0.5,0,0.0,0.0,0.0,,,,0.0,0.0,102888,102888,0,0,0,0,0,0,0,0,0,0.00020488067023200618,0.007506210164957465,0.02428718558391696,0.008435751829873557,0.0,,,,,,,,0.00018579576348089745,5.340619491367407,OFI1_ev50
7,M5_full,ms1000,2026-08-07,0.000442836599974461,0.02749038463532018,0.0008127346067179353,0.03223800526339945,0.5298486330638933,23.341358487587325,101348,1.0,0,0.0,0.0,0.0,,,,0.0,0.0,102888,102888,0,6,0,0,0,0,0,0,0,0.00025040295605700146,0.02564651653766883,0.02428718558391696,0.010310085340757596,0.0,,,,,,,,8.097017678429042e-05,2.1209509787831307,OFI1_ev50
