field,value
n_rows,3425129
columns,"['timestamp', 'ts_recv', 'ts_event', 'ts_recv_minus_ts_event_ms', 'instrument', 'sequence', 'session_date', 'in_continuous_session', 'canonical_event_id', 'raw_row_id', 'src_row_first', 'src_row_last', 'n_records', 'actions', 'n_trades', 'bid_price_1', 'ask_price_1', 'bid_size_1', 'ask_size_1', 'bid_price_1_int', 'ask_price_1_int', 'bid_price_2', 'ask_price_2', 'bid_size_2', 'ask_size_2', 'bid_price_2_int', 'ask_price_2_int', 'bid_price_3', 'ask_price_3', 'bid_size_3', 'ask_size_3', 'bid_price_3_int', 'ask_price_3_int', 'bid_price_4', 'ask_price_4', 'bid_size_4', 'ask_size_4', 'bid_price_4_int', 'ask_price_4_int', 'bid_price_5', 'ask_price_5', 'bid_size_5', 'ask_size_5', 'bid_price_5_int', 'ask_price_5_int', 'bid_price_6', 'ask_price_6', 'bid_size_6', 'ask_size_6', 'bid_price_6_int', 'ask_price_6_int', 'bid_price_7', 'ask_price_7', 'bid_size_7', 'ask_size_7', 'bid_price_7_int', 'ask_price_7_int', 'bid_price_8', 'ask_price_8', 'bid_size_8', 'ask_size_8', 'bid_price_8_int', 'ask_price_8_int', 'bid_price_9', 'ask_price_9', 'bid_size_9', 'ask_size_9', 'bid_price_9_int', 'ask_price_9_int', 'bid_price_10', 'ask_price_10', 'bid_size_10', 'ask_size_10', 'bid_price_10_int', 'ask_price_10_int', 'trade_price', 'trade_size', 'signed_trade_volume', 'trade_side', 'event_type', 'book_clear', 'F_SNAPSHOT', 'F_MAYBE_BAD_BOOK', 'F_BAD_TS_RECV', 'integrity_break', 'halt_boundary']"
dtypes,"{'timestamp': 'datetime64[ns, UTC]', 'ts_recv': 'datetime64[ns, UTC]', 'ts_event': 'datetime64[ns, UTC]', 'ts_recv_minus_ts_event_ms': 'float64', 'instrument': 'object', 'sequence': 'uint32', 'session_date': 'object', 'in_continuous_session': 'bool', 'canonical_event_id': 'int64', 'raw_row_id': 'int64', 'src_row_first': 'int64', 'src_row_last': 'int64', 'n_records': 'int64', 'actions': 'object', 'n_trades': 'int64', 'bid_price_1': 'float64', 'ask_price_1': 'float64', 'bid_size_1': 'uint32', 'ask_size_1': 'uint32', 'bid_price_1_int': 'Int64', 'ask_price_1_int': 'Int64', 'bid_price_2': 'float64', 'ask_price_2': 'float64', 'bid_size_2': 'uint32', 'ask_size_2': 'uint32', 'bid_price_2_int': 'Int64', 'ask_price_2_int': 'Int64', 'bid_price_3': 'float64', 'ask_price_3': 'float64', 'bid_size_3': 'uint32', 'ask_size_3': 'uint32', 'bid_price_3_int': 'Int64', 'ask_price_3_int': 'Int64', 'bid_price_4': 'float64', 'ask_price_4': 'float64', 'bid_size_4': 'uint32', 'ask_size_4': 'uint32', 'bid_price_4_int': 'Int64', 'ask_price_4_int': 'Int64', 'bid_price_5': 'float64', 'ask_price_5': 'float64', 'bid_size_5': 'uint32', 'ask_size_5': 'uint32', 'bid_price_5_int': 'Int64', 'ask_price_5_int': 'Int64', 'bid_price_6': 'float64', 'ask_price_6': 'float64', 'bid_size_6': 'uint32', 'ask_size_6': 'uint32', 'bid_price_6_int': 'Int64', 'ask_price_6_int': 'Int64', 'bid_price_7': 'float64', 'ask_price_7': 'float64', 'bid_size_7': 'uint32', 'ask_size_7': 'uint32', 'bid_price_7_int': 'Int64', 'ask_price_7_int': 'Int64', 'bid_price_8': 'float64', 'ask_price_8': 'float64', 'bid_size_8': 'uint32', 'ask_size_8': 'uint32', 'bid_price_8_int': 'Int64', 'ask_price_8_int': 'Int64', 'bid_price_9': 'float64', 'ask_price_9': 'float64', 'bid_size_9': 'uint32', 'ask_size_9': 'uint32', 'bid_price_9_int': 'Int64', 'ask_price_9_int': 'Int64', 'bid_price_10': 'float64', 'ask_price_10': 'float64', 'bid_size_10': 'uint32', 'ask_size_10': 'uint32', 'bid_price_10_int': 'Int64', 'ask_price_10_int': 'Int64', 'trade_price': 'float64', 'trade_size': 'float64', 'signed_trade_volume': 'float64', 'trade_side': 'object', 'event_type': 'object', 'book_clear': 'bool', 'F_SNAPSHOT': 'bool', 'F_MAYBE_BAD_BOOK': 'bool', 'F_BAD_TS_RECV': 'bool', 'integrity_break': 'bool', 'halt_boundary': 'bool'}"
ts_min,2026-08-05 13:31:00.048038728+00:00
ts_max,2026-08-05 19:58:59.977499792+00:00
ts_resolution_ms,1.6e-05
missing_counts,"{'timestamp': 0, 'ts_recv': 0, 'ts_event': 0, 'ts_recv_minus_ts_event_ms': 0, 'instrument': 0, 'sequence': 0, 'session_date': 0, 'in_continuous_session': 0, 'canonical_event_id': 0, 'raw_row_id': 0, 'src_row_first': 0, 'src_row_last': 0, 'n_records': 0, 'actions': 0, 'n_trades': 0, 'bid_price_1': 0, 'ask_price_1': 0, 'bid_size_1': 0, 'ask_size_1': 0, 'bid_price_1_int': 0, 'ask_price_1_int': 0, 'bid_price_2': 0, 'ask_price_2': 0, 'bid_size_2': 0, 'ask_size_2': 0, 'bid_price_2_int': 0, 'ask_price_2_int': 0, 'bid_price_3': 0, 'ask_price_3': 0, 'bid_size_3': 0, 'ask_size_3': 0, 'bid_price_3_int': 0, 'ask_price_3_int': 0, 'bid_price_4': 0, 'ask_price_4': 0, 'bid_size_4': 0, 'ask_size_4': 0, 'bid_price_4_int': 0, 'ask_price_4_int': 0, 'bid_price_5': 0, 'ask_price_5': 0, 'bid_size_5': 0, 'ask_size_5': 0, 'bid_price_5_int': 0, 'ask_price_5_int': 0, 'bid_price_6': 0, 'ask_price_6': 0, 'bid_size_6': 0, 'ask_size_6': 0, 'bid_price_6_int': 0, 'ask_price_6_int': 0, 'bid_price_7': 0, 'ask_price_7': 0, 'bid_size_7': 0, 'ask_size_7': 0, 'bid_price_7_int': 0, 'ask_price_7_int': 0, 'bid_price_8': 0, 'ask_price_8': 0, 'bid_size_8': 0, 'ask_size_8': 0, 'bid_price_8_int': 0, 'ask_price_8_int': 0, 'bid_price_9': 0, 'ask_price_9': 0, 'bid_size_9': 0, 'ask_size_9': 0, 'bid_price_9_int': 0, 'ask_price_9_int': 0, 'bid_price_10': 0, 'ask_price_10': 0, 'bid_size_10': 0, 'ask_size_10': 0, 'bid_price_10_int': 0, 'ask_price_10_int': 0, 'trade_price': 3322836, 'trade_size': 3322836, 'signed_trade_volume': 0, 'trade_side': 0, 'event_type': 0, 'book_clear': 0, 'F_SNAPSHOT': 0, 'F_MAYBE_BAD_BOOK': 0, 'F_BAD_TS_RECV': 0, 'integrity_break': 0, 'halt_boundary': 0}"
n_duplicate_rows,0
n_duplicate_timestamps,0
is_sorted,True
n_instruments,1
n_days,1
gap_ms_describe,"{'min': 1.6e-05, 'median': 0.05594, 'p90': 14.11939860000004, 'p99': 125.96502701, 'max': 1740.985344, 'n_negative': 0}"
n_crossed,0
n_locked,0
n_nonpositive_sizes,0
has_level2,True
has_trades,True
has_trade_side,True
has_event_type,True
notes,[]
