fold,session_date,side,gate_quantile,queue_ahead_fraction,n_fills,gate_threshold,mean_markout,mean_cross_out,sum_markout
0,2026-07-29,passive_buy,0.0,0.0,7293,-inf,0.0016522692993281751,-0.011040723981900431,12.05000000000038
0,2026-07-29,passive_buy,0.0,0.25,4744,-inf,0.0016462900505902526,-0.01096121416526141,7.810000000000159
0,2026-07-29,passive_buy,0.0,0.5,3015,-inf,0.0023134328358209266,-0.01034494195688232,6.975000000000094
0,2026-07-29,passive_buy,0.0,1.0,903,-inf,0.003898117386489538,-0.008327796234773109,3.520000000000053
0,2026-07-29,passive_buy,0.3,0.0,5192,-0.00022764126468781038,0.0013925269645608718,-0.010749229583975393,7.230000000000047
0,2026-07-29,passive_buy,0.3,0.25,3443,-0.00022764126468781038,0.0012285797269822344,-0.010807435376125614,4.2299999999998334
0,2026-07-29,passive_buy,0.3,0.5,2189,-0.00022764126468781038,0.0019026952946551096,-0.010127912288716456,4.165000000000035
0,2026-07-29,passive_buy,0.3,1.0,661,-0.00022764126468781038,0.0028214826021180383,-0.008925869894100168,1.8650000000000233
0,2026-07-29,passive_buy,0.5,0.0,3779,-2.0563681176145247e-05,0.0012159301402487428,-0.01061391902619745,4.594999999999999
0,2026-07-29,passive_buy,0.5,0.25,2507,-2.0563681176145247e-05,0.0011806940566413506,-0.010490626246509881,2.959999999999866
0,2026-07-29,passive_buy,0.5,0.5,1621,-2.0563681176145247e-05,0.0020635410240592484,-0.009592843923504105,3.3450000000000415
0,2026-07-29,passive_buy,0.5,1.0,482,-2.0563681176145247e-05,0.0027489626556017836,-0.008485477178423465,1.3250000000000597
0,2026-07-29,passive_buy,0.7,0.0,2483,0.0001662507195843866,0.0007954087797019311,-0.01063229963753527,1.9749999999998948
0,2026-07-29,passive_buy,0.7,0.25,1658,0.0001662507195843866,0.0007147165259347341,-0.010536791314837302,1.184999999999789
0,2026-07-29,passive_buy,0.7,0.5,1079,0.0001662507195843866,0.001626506024096342,-0.009749768303985292,1.7549999999999528
0,2026-07-29,passive_buy,0.7,1.0,311,0.0001662507195843866,0.001157556270096187,-0.009678456591640527,0.35999999999991417
0,2026-07-29,passive_buy,0.9,0.0,1050,0.000434720745395342,0.0022571428571429696,-0.008657142857142827,2.3700000000001182
0,2026-07-29,passive_buy,0.9,0.25,714,0.000434720745395342,0.0009803921568626894,-0.009663865546218654,0.6999999999999602
0,2026-07-29,passive_buy,0.9,0.5,472,0.000434720745395342,0.0006673728813559575,-0.010063559322034048,0.31500000000001194
0,2026-07-29,passive_buy,0.9,1.0,140,0.000434720745395342,3.57142857137457e-05,-0.010071428571429359,0.004999999999924398
0,2026-07-29,passive_sell,0.0,0.0,8833,-inf,0.002534246575342426,-0.010500396241367713,22.38499999999965
0,2026-07-29,passive_sell,0.0,0.25,5022,-inf,0.0020728793309438493,-0.010987654320987698,10.41000000000001
0,2026-07-29,passive_sell,0.0,0.5,2934,-inf,0.0021250852079074,-0.010746421267893606,6.235000000000312
0,2026-07-29,passive_sell,0.0,1.0,858,-inf,0.004603729603729922,-0.007715617715617655,3.950000000000273
0,2026-07-29,passive_sell,0.3,0.0,5656,-0.00016625071958438663,0.002699787835926291,-0.011135077793493887,15.2699999999991
0,2026-07-29,passive_sell,0.3,0.25,3183,-0.00016625071958438663,0.0018912975180645523,-0.012126924285265715,6.01999999999947
0,2026-07-29,passive_sell,0.3,0.5,1852,-0.00016625071958438663,0.0014470842332613121,-0.012543196544276545,2.67999999999995
0,2026-07-29,passive_sell,0.3,1.0,510,-0.00016625071958438663,0.003990196078431394,-0.009901960784313902,2.035000000000011
0,2026-07-29,passive_sell,0.5,0.0,4163,2.0563681176145247e-05,0.0027444150852748944,-0.011438866202258214,11.424999999999386
0,2026-07-29,passive_sell,0.5,0.25,2359,2.0563681176145247e-05,0.0019457397202202952,-0.012395082662145167,4.589999999999677
0,2026-07-29,passive_sell,0.5,0.5,1396,2.0563681176145247e-05,0.0014219197707736793,-0.01281518624641837,1.9850000000000563
0,2026-07-29,passive_sell,0.5,1.0,348,2.0563681176145247e-05,0.0035488505747125194,-0.01060344827586239,1.2349999999999568
0,2026-07-29,passive_sell,0.7,0.0,2554,0.00022764126468781035,0.00224549725920103,-0.012494126859827988,5.734999999999431
0,2026-07-29,passive_sell,0.7,0.25,1463,0.00022764126468781035,0.0006698564593299714,-0.014388243335611972,0.9799999999997482
0,2026-07-29,passive_sell,0.7,0.5,859,0.00022764126468781035,-0.00013969732246795825,-0.01508731082654251,-0.11999999999997613
0,2026-07-29,passive_sell,0.7,1.0,209,0.00022764126468781035,0.0018660287081337021,-0.012775119617225297,0.3899999999999437
0,2026-07-29,passive_sell,0.9,0.0,744,0.0006098961747873728,0.0006720430107523635,-0.015107526881720824,0.4999999999997584
0,2026-07-29,passive_sell,0.9,0.25,428,0.0006098961747873728,-0.0013551401869160498,-0.017616822429906757,-0.5800000000000693
0,2026-07-29,passive_sell,0.9,0.5,263,0.0006098961747873728,-0.0030418250950568614,-0.01916349809885926,-0.7999999999999545
0,2026-07-29,passive_sell,0.9,1.0,64,0.0006098961747873728,-0.0015625000000007994,-0.01750000000000107,-0.10000000000005116
1,2026-07-30,passive_buy,0.0,0.0,7794,-inf,0.0002623813189631011,-0.01090454195535053,2.04499999999841
1,2026-07-30,passive_buy,0.0,0.25,4868,-inf,0.0001910435497122513,-0.011033278553821071,0.9299999999992394
1,2026-07-30,passive_buy,0.0,0.5,3025,-inf,0.00038347107437997156,-0.010707438016529146,1.159999999999414
1,2026-07-30,passive_buy,0.0,1.0,941,-inf,0.0002869287991496853,-0.010510095642933247,0.2699999999998539
1,2026-07-30,passive_buy,0.3,0.0,6085,-0.000248927982292047,0.0005743631881674253,-0.01036647493837331,3.4949999999987824
1,2026-07-30,passive_buy,0.3,0.25,3823,-0.000248927982292047,0.0006094690034003031,-0.010421135234109558,2.329999999999359
1,2026-07-30,passive_buy,0.3,0.5,2370,-0.000248927982292047,0.001080168776371123,-0.009827004219409477,2.5599999999995617
1,2026-07-30,passive_buy,0.3,1.0,719,-0.000248927982292047,0.0017524339360221613,-0.008929068150208734,1.259999999999934
1,2026-07-30,passive_buy,0.5,0.0,4860,-2.981037511537607e-05,0.0007520576131685783,-0.010078189300411705,3.6549999999992906
1,2026-07-30,passive_buy,0.5,0.25,3072,-2.981037511537607e-05,0.0007014973958332597,-0.010211588541666781,2.1549999999997738
1,2026-07-30,passive_buy,0.5,0.5,1913,-2.981037511537607e-05,0.001055933089388304,-0.009696811291165825,2.0199999999998255
1,2026-07-30,passive_buy,0.5,1.0,585,-2.981037511537607e-05,0.00226495726495727,-0.008341880341880444,1.3250000000000028
1,2026-07-30,passive_buy,0.7,0.0,3494,0.00017313144897891457,0.0003792215226101165,-0.010266170578134004,1.324999999999747
1,2026-07-30,passive_buy,0.7,0.25,2210,0.00017313144897891457,0.00012895927601802085,-0.010705882352941223,0.28499999999982606
1,2026-07-30,passive_buy,0.7,0.5,1372,0.00017313144897891457,0.0014540816326530336,-0.009271137026239036,1.994999999999962
1,2026-07-30,passive_buy,0.7,1.0,420,0.00017313144897891457,0.003297619047618992,-0.0072857142857143415,1.3849999999999767
1,2026-07-30,passive_buy,0.9,0.0,1695,0.00047369002998584586,-2.0648967551662328e-05,-0.010542772861357002,-0.035000000000067644
1,2026-07-30,passive_buy,0.9,0.25,1051,0.00047369002998584586,0.0007754519505231468,-0.009961941008563461,0.8149999999998272
1,2026-07-30,passive_buy,0.9,0.5,654,0.00047369002998584586,0.0027293577981649803,-0.008149847094801318,1.7849999999998971
1,2026-07-30,passive_buy,0.9,1.0,191,0.00047369002998584586,0.008612565445025712,-0.002303664921466403,1.6449999999999108
1,2026-07-30,passive_sell,0.0,0.0,7150,-inf,0.0008846153846152896,-0.010444755244755325,6.324999999999321
1,2026-07-30,passive_sell,0.0,0.25,4566,-inf,0.0006395094174329284,-0.01065045992115663,2.919999999998751
1,2026-07-30,passive_sell,0.0,0.5,2827,-inf,0.00018924655111406818,-0.011071807569862223,0.5349999999994708
1,2026-07-30,passive_sell,0.0,1.0,882,-inf,0.0018594104308389385,-0.00914965986394558,1.6399999999999437
1,2026-07-30,passive_sell,0.3,0.0,3785,-0.00017313144897891465,0.0014227212681636706,-0.010462351387054276,5.3849999999994935
1,2026-07-30,passive_sell,0.3,0.25,2405,-0.00017313144897891465,0.0012536382536379052,-0.010686070686070994,3.014999999999162
1,2026-07-30,passive_sell,0.3,0.5,1446,-0.00017313144897891465,0.0003457814661132689,-0.011659751037344433,0.49999999999978684
1,2026-07-30,passive_sell,0.3,1.0,394,-0.00017313144897891465,0.0024746192893397266,-0.009695431472081453,0.9749999999998522
1,2026-07-30,passive_sell,0.5,0.0,2564,2.981037511537607e-05,0.0016263650546019354,-0.010620124804992363,4.169999999999362
1,2026-07-30,passive_sell,0.5,0.25,1617,2.981037511537607e-05,0.0020408163265302854,-0.010228818800247537,3.2999999999994714
1,2026-07-30,passive_sell,0.5,0.5,983,2.981037511537607e-05,0.0007934893184127912,-0.011607324516785355,0.7799999999997738
1,2026-07-30,passive_sell,0.5,1.0,253,2.981037511537607e-05,0.004604743083003528,-0.008181818181818436,1.1649999999998926
1,2026-07-30,passive_sell,0.7,0.0,1450,0.000248927982292047,0.003068965517241391,-0.00960689655172402,4.450000000000017
1,2026-07-30,passive_sell,0.7,0.25,921,0.000248927982292047,0.004207383279044254,-0.008621064060803625,3.8749999999997584
1,2026-07-30,passive_sell,0.7,0.5,568,0.000248927982292047,0.0026144366197179336,-0.01044014084507061,1.4849999999997863
1,2026-07-30,passive_sell,0.7,1.0,148,0.000248927982292047,0.005709459459458972,-0.007905405405405897,0.8449999999999278
1,2026-07-30,passive_sell,0.9,0.0,451,0.0006444296257327294,0.0037250554323722688,-0.009113082039911511,1.6799999999998931
1,2026-07-30,passive_sell,0.9,0.25,293,0.0006444296257327294,0.004266211604094933,-0.008737201365188279,1.2499999999998153
1,2026-07-30,passive_sell,0.9,0.5,189,0.0006444296257327294,0.0016931216931209052,-0.011798941798942421,0.31999999999985107
1,2026-07-30,passive_sell,0.9,1.0,55,0.0006444296257327294,0.007545454545453884,-0.0067272727272730684,0.4149999999999636
2,2026-07-31,passive_buy,0.0,0.0,10267,-inf,0.003219538326677706,-0.010216226745884856,33.05500000000001
2,2026-07-31,passive_buy,0.0,0.25,3901,-inf,0.00046270187131502733,-0.013455524224557806,1.8049999999999216
2,2026-07-31,passive_buy,0.0,0.5,2374,-inf,0.0005117944397640707,-0.013323504633529899,1.214999999999904
2,2026-07-31,passive_buy,0.0,1.0,684,-inf,0.0012646198830409906,-0.011988304093567338,0.8650000000000375
2,2026-07-31,passive_buy,0.3,0.0,6862,-0.00024887119045233783,0.0027870883124453075,-0.010118041387350625,19.1249999999997
2,2026-07-31,passive_buy,0.3,0.25,2624,-0.00024887119045233783,0.0005583079268292154,-0.012827743902439001,1.4649999999998613
2,2026-07-31,passive_buy,0.3,0.5,1611,-0.00024887119045233783,0.0008069522036002112,-0.012557417752948372,1.2999999999999403
2,2026-07-31,passive_buy,0.3,1.0,455,-0.00024887119045233783,0.0006923076923078123,-0.01193406593406587,0.31500000000005457
2,2026-07-31,passive_buy,0.5,0.0,5176,-4.070215200725618e-05,0.0033626352395671895,-0.00935278207109737,17.404999999999774
2,2026-07-31,passive_buy,0.5,0.25,2011,-4.070215200725618e-05,0.0014172053704623406,-0.011720537046245667,2.849999999999767
2,2026-07-31,passive_buy,0.5,0.5,1257,-4.070215200725618e-05,0.0018456642800317824,-0.011352426412092116,2.3199999999999505
2,2026-07-31,passive_buy,0.5,1.0,338,-4.070215200725618e-05,0.0011390532544381792,-0.010946745562129807,0.3850000000001046
2,2026-07-31,passive_buy,0.7,0.0,3527,0.0001522447897470864,0.004353558264814186,-0.008120215480578471,15.354999999999634
2,2026-07-31,passive_buy,0.7,0.25,1395,0.0001522447897470864,0.0033512544802864917,-0.009505376344086219,4.674999999999656
2,2026-07-31,passive_buy,0.7,0.5,862,0.0001522447897470864,0.0037877030162410197,-0.009187935034802886,3.264999999999759
2,2026-07-31,passive_buy,0.7,1.0,230,0.0001522447897470864,0.0033695652173908967,-0.008000000000000354,0.7749999999999062
2,2026-07-31,passive_buy,0.9,0.0,1529,0.0004479765376182054,0.004395029431000672,-0.007854807063440146,6.720000000000027
2,2026-07-31,passive_buy,0.9,0.25,629,0.0004479765376182054,0.0044753577106518925,-0.007615262321144639,2.8150000000000404
2,2026-07-31,passive_buy,0.9,0.5,396,0.0004479765376182054,0.003989898989899094,-0.007853535353535154,1.580000000000041
2,2026-07-31,passive_buy,0.9,1.0,109,0.0004479765376182054,0.005917431192660123,-0.004495412844037433,0.6449999999999534
2,2026-07-31,passive_sell,0.0,0.0,7608,-inf,0.004497239747634033,-0.008826235541535244,34.21499999999972
2,2026-07-31,passive_sell,0.0,0.25,3498,-inf,0.0025700400228703115,-0.010763293310462977,8.99000000000035
2,2026-07-31,passive_sell,0.0,0.5,2219,-inf,0.0034114465975665195,-0.00970256872465069,7.570000000000107
2,2026-07-31,passive_sell,0.0,1.0,771,-inf,0.002594033722438281,-0.00941634241245147,1.9999999999999147
2,2026-07-31,passive_sell,0.3,0.0,4437,-0.00015224478974708647,0.005273833671399627,-0.008965517241379287,23.400000000000148
2,2026-07-31,passive_sell,0.3,0.25,1908,-0.00015224478974708647,0.004019916142557764,-0.010555555555555407,7.670000000000215
2,2026-07-31,passive_sell,0.3,0.5,1203,-0.00015224478974708647,0.004925187032418997,-0.009551122194513605,5.925000000000054
2,2026-07-31,passive_sell,0.3,1.0,405,-0.00015224478974708647,0.0032098765432098343,-0.010074074074074053,1.299999999999983
2,2026-07-31,passive_sell,0.5,0.0,3220,4.070215200725618e-05,0.0050543478260870025,-0.009586956521739104,16.275000000000148
2,2026-07-31,passive_sell,0.5,0.25,1377,4.070215200725618e-05,0.003790849673202696,-0.011147421931735565,5.2200000000001125
2,2026-07-31,passive_sell,0.5,0.5,871,4.070215200725618e-05,0.0051320321469575676,-0.009758897818599278,4.4700000000000415
2,2026-07-31,passive_sell,0.5,1.0,294,4.070215200725618e-05,0.003248299319727692,-0.01044217687074859,0.9549999999999415
2,2026-07-31,passive_sell,0.7,0.0,1983,0.0002488711904523378,0.004548663640948228,-0.01041855774079661,9.020000000000337
2,2026-07-31,passive_sell,0.7,0.25,844,0.0002488711904523378,0.0029798578199054667,-0.012381516587677392,2.5150000000002137
2,2026-07-31,passive_sell,0.7,0.5,534,0.0002488711904523378,0.004044943820224979,-0.011161048689138272,2.1600000000001387
2,2026-07-31,passive_sell,0.7,1.0,174,0.0002488711904523378,0.00402298850574698,-0.00994252873563237,0.6999999999999744
2,2026-07-31,passive_sell,0.9,0.0,684,0.0006248064981540022,0.004064327485380306,-0.011403508771929602,2.780000000000129
2,2026-07-31,passive_sell,0.9,0.25,308,0.0006248064981540022,0.003133116883117125,-0.012402597402596988,0.9650000000000745
2,2026-07-31,passive_sell,0.9,0.5,199,0.0006248064981540022,0.006482412060301682,-0.008844221105527307,1.2900000000000347
2,2026-07-31,passive_sell,0.9,1.0,64,0.0006248064981540022,0.008515625000000915,-0.004218749999998939,0.5450000000000585
3,2026-08-03,passive_buy,0.0,0.0,8209,-inf,0.00360275307589244,-0.0078011938116700165,29.57500000000104
3,2026-08-03,passive_buy,0.0,0.25,2955,-inf,0.0012825719120138077,-0.010659898477157098,3.790000000000802
3,2026-08-03,passive_buy,0.0,0.5,1757,-inf,0.0010700056915199244,-0.010842344906089625,1.880000000000507
3,2026-08-03,passive_buy,0.0,1.0,489,-inf,0.0019222903885490117,-0.008977505112473335,0.9400000000004667
3,2026-08-03,passive_buy,0.3,0.0,6030,-0.000227862320296404,0.003511608623549063,-0.007560530679933532,21.17500000000085
3,2026-08-03,passive_buy,0.3,0.25,2198,-0.000227862320296404,0.001062329390355169,-0.010559599636032434,2.3350000000006617
3,2026-08-03,passive_buy,0.3,0.5,1320,-0.000227862320296404,0.0006742424242426723,-0.010977272727272497,0.8900000000003274
3,2026-08-03,passive_buy,0.3,1.0,334,-0.000227862320296404,0.0019910179640726835,-0.008892215568861314,0.6650000000002763
3,2026-08-03,passive_buy,0.5,0.0,4517,-4.275297896168937e-05,0.003347354438786869,-0.007493911888421487,15.120000000000289
3,2026-08-03,passive_buy,0.5,0.25,1663,-4.275297896168937e-05,0.0009470835838849152,-0.010475045099217987,1.575000000000614
3,2026-08-03,passive_buy,0.5,0.5,1002,-4.275297896168937e-05,0.000573852295409454,-0.01076846307385218,0.5750000000002728
3,2026-08-03,passive_buy,0.5,1.0,246,-4.275297896168937e-05,0.0012195121951230372,-0.009308943089429736,0.30000000000026716
3,2026-08-03,passive_buy,0.7,0.0,2948,0.00012676962584072342,0.00382801899592951,-0.006862279511533167,11.285000000000196
3,2026-08-03,passive_buy,0.7,0.25,1102,0.00012676962584072342,0.0020009074410166677,-0.00919237749546243,2.2050000000003678
3,2026-08-03,passive_buy,0.7,0.5,660,0.00012676962584072342,0.0010303030303034282,-0.010075757575757165,0.6800000000002626
3,2026-08-03,passive_buy,0.7,1.0,164,0.00012676962584072342,0.0006707317073185428,-0.009573170731705716,0.11000000000024102
3,2026-08-03,passive_buy,0.9,0.0,1137,0.0003967827152445102,0.0030826737027266817,-0.007581354441512451,3.505000000000237
3,2026-08-03,passive_buy,0.9,0.25,479,0.0003967827152445102,0.0024425887265141374,-0.008517745302713332,1.1700000000002717
3,2026-08-03,passive_buy,0.9,0.5,274,0.0003967827152445102,0.0008394160583948493,-0.010218978102189044,0.23000000000018872
3,2026-08-03,passive_buy,0.9,1.0,63,0.0003967827152445102,0.0008730158730180114,-0.00999999999999756,0.05500000000013472
3,2026-08-03,passive_sell,0.0,0.0,7032,-inf,0.0023606370875993645,-0.009802332195677096,16.59999999999873
3,2026-08-03,passive_sell,0.0,0.25,3625,-inf,0.0009751724137928555,-0.011296551724138189,3.5349999999991013
3,2026-08-03,passive_sell,0.0,0.5,2396,-inf,0.0006636060100164527,-0.011690317195325732,1.5899999999994208
3,2026-08-03,passive_sell,0.0,1.0,805,-inf,0.002478260869564411,-0.009614906832298943,1.9949999999993508
3,2026-08-03,passive_sell,0.3,0.0,4081,-0.00012676962584072358,0.0029759862778729407,-0.009487870619946185,12.14499999999947
3,2026-08-03,passive_sell,0.3,0.25,2038,-0.00012676962584072358,0.0013812561334640122,-0.011172718351324934,2.8149999999996567
3,2026-08-03,passive_sell,0.3,0.5,1336,-0.00012676962584072358,0.000767215568862067,-0.01180389221556895,1.0249999999997215
3,2026-08-03,passive_sell,0.3,1.0,411,-0.00012676962584072358,0.002201946472018845,-0.01034063260340681,0.9049999999997453
3,2026-08-03,passive_sell,0.5,0.0,2838,4.275297896168937e-05,0.0030073995771669327,-0.009809725158562467,8.534999999999755
3,2026-08-03,passive_sell,0.5,0.25,1432,4.275297896168937e-05,0.001365223463686971,-0.011480446927374464,1.9549999999997425
3,2026-08-03,passive_sell,0.5,0.5,932,4.275297896168937e-05,0.00032725321888389875,-0.012607296137339246,0.30499999999979366
3,2026-08-03,passive_sell,0.5,1.0,276,4.275297896168937e-05,-7.24637681169059e-05,-0.013043478260870574,-0.020000000000266027
3,2026-08-03,passive_sell,0.7,0.0,1663,0.00022786232029640396,0.002182802164762415,-0.010920024052916517,3.629999999999896
3,2026-08-03,passive_sell,0.7,0.25,822,0.00022786232029640396,-8.515815085167693e-05,-0.013211678832116814,-0.07000000000007844
3,2026-08-03,passive_sell,0.7,0.5,554,0.00022786232029640396,-0.001308664259927762,-0.014476534296028848,-0.7249999999999801
3,2026-08-03,passive_sell,0.7,1.0,170,0.00022786232029640396,0.00023529411764617607,-0.012823529411765875,0.03999999999984993
3,2026-08-03,passive_sell,0.9,0.0,505,0.0005581864053284894,0.0034950495049505524,-0.010138613861385993,1.765000000000029
3,2026-08-03,passive_sell,0.9,0.25,257,0.0005581864053284894,0.0021984435797664176,-0.011361867704280108,0.5649999999999693
3,2026-08-03,passive_sell,0.9,0.5,171,0.0005581864053284894,8.771929824561736e-05,-0.01397660818713434,0.015000000000000568
3,2026-08-03,passive_sell,0.9,1.0,48,0.0005581864053284894,0.0028124999999998104,-0.010208333333333819,0.1349999999999909
4,2026-08-04,passive_buy,0.0,0.0,7317,-inf,0.0020042367090338025,-0.009313926472598037,14.665000000000333
4,2026-08-04,passive_buy,0.0,0.25,3910,-inf,0.0004514066496163357,-0.010777493606138158,1.7649999999998727
4,2026-08-04,passive_buy,0.0,0.5,2475,-inf,0.0014828282828283927,-0.00964444444444436,3.6700000000002717
4,2026-08-04,passive_buy,0.0,1.0,817,-inf,0.0010342717258264354,-0.009583843329253156,0.8450000000001978
4,2026-08-04,passive_buy,0.3,0.0,5326,-0.0001762811455040065,0.0020991363124295732,-0.009091250469395438,11.179999999999907
4,2026-08-04,passive_buy,0.3,0.25,2837,-0.0001762811455040065,0.000560451180824711,-0.01052520267888628,1.589999999999705
4,2026-08-04,passive_buy,0.3,0.5,1758,-0.0001762811455040065,0.001524459613196867,-0.009431171786120551,2.680000000000092
4,2026-08-04,passive_buy,0.3,1.0,545,-0.0001762811455040065,0.0013211009174312687,-0.009266055045871371,0.7200000000000415
4,2026-08-04,passive_buy,0.5,0.0,4001,-4.908144876000223e-06,0.002244438890277453,-0.008827793051737013,8.98000000000009
4,2026-08-04,passive_buy,0.5,0.25,2151,-4.908144876000223e-06,0.0004951185495119133,-0.010478847047884612,1.0650000000001256
4,2026-08-04,passive_buy,0.5,0.5,1348,-4.908144876000223e-06,0.001769287833828055,-0.009072700296735745,2.3850000000002183
4,2026-08-04,passive_buy,0.5,1.0,413,-4.908144876000223e-06,0.0015133171912837748,-0.00900726392251752,0.625000000000199
4,2026-08-04,passive_buy,0.7,0.0,2786,0.00014280958882734654,0.0022290021536252006,-0.008754486719310865,6.209999999999809
4,2026-08-04,passive_buy,0.7,0.25,1531,0.00014280958882734654,0.0009013716525147397,-0.009986936642717043,1.3800000000000665
4,2026-08-04,passive_buy,0.7,0.5,984,0.00014280958882734654,0.002698170731707405,-0.008089430894308872,2.6550000000000864
4,2026-08-04,passive_buy,0.7,1.0,287,0.00014280958882734654,0.0020905923344956448,-0.008292682926828237,0.6000000000002501
4,2026-08-04,passive_buy,0.9,0.0,1114,0.0003856954550316157,0.004421005385996318,-0.006642728904847631,4.924999999999898
4,2026-08-04,passive_buy,0.9,0.25,591,0.0003856954550316157,0.0028510998307952904,-0.008155668358714032,1.6850000000000165
4,2026-08-04,passive_buy,0.9,0.5,383,0.0003856954550316157,0.006318537859007874,-0.0047519582245431746,2.420000000000016
4,2026-08-04,passive_buy,0.9,1.0,123,0.0003856954550316157,0.004227642276422963,-0.0065853658536582085,0.5200000000000244
4,2026-08-04,passive_sell,0.0,0.0,6494,-inf,0.0020927009547272966,-0.009206960271019575,13.589999999999065
4,2026-08-04,passive_sell,0.0,0.25,3250,-inf,0.0005738461538459905,-0.010526153846154056,1.864999999999469
4,2026-08-04,passive_sell,0.0,0.5,2117,-inf,3.306565895118863e-05,-0.010982522437411666,0.06999999999966633
4,2026-08-04,passive_sell,0.0,1.0,664,-inf,0.0018674698795182571,-0.00868975903614438,1.2400000000001228
4,2026-08-04,passive_sell,0.3,0.0,3330,-0.0001428095888273466,0.002678678678678453,-0.009018018018018261,8.919999999999249
4,2026-08-04,passive_sell,0.3,0.25,1552,-0.0001428095888273466,0.0016688144329894,-0.009864690721649787,2.5899999999995487
4,2026-08-04,passive_sell,0.3,0.5,984,-0.0001428095888273466,0.0009705284552842912,-0.010508130081301133,0.9549999999997425
4,2026-08-04,passive_sell,0.3,1.0,310,-0.0001428095888273466,0.0019354838709674028,-0.009258064516129413,0.5999999999998948
4,2026-08-04,passive_sell,0.5,0.0,2200,4.908144876000223e-06,0.002479545454545344,-0.009295454545454662,5.454999999999757
4,2026-08-04,passive_sell,0.5,0.25,1007,4.908144876000223e-06,0.0019860973187685632,-0.009632571996027808,1.9999999999999432
4,2026-08-04,passive_sell,0.5,0.5,612,4.908144876000223e-06,0.0015931372549019514,-0.010196078431372541,0.9749999999999943
4,2026-08-04,passive_sell,0.5,1.0,182,4.908144876000223e-06,0.0031043956043950455,-0.008351648351648836,0.5649999999998983
4,2026-08-04,passive_sell,0.7,0.0,1221,0.00017628114550400636,0.0011506961506961284,-0.010859950859950923,1.4049999999999727
4,2026-08-04,passive_sell,0.7,0.25,540,0.00017628114550400636,0.0010555555555556745,-0.01107407407407403,0.5700000000000642
4,2026-08-04,passive_sell,0.7,0.5,321,0.00017628114550400636,0.0009501557632400737,-0.011588785046728814,0.30500000000006366
4,2026-08-04,passive_sell,0.7,1.0,101,0.00017628114550400636,0.0038118811881182996,-0.008118811881188544,0.3849999999999483
4,2026-08-04,passive_sell,0.9,0.0,424,0.0004956185281788264,-0.0012617924528303148,-0.01283018867924536,-0.5350000000000534
4,2026-08-04,passive_sell,0.9,0.25,203,0.0004956185281788264,0.00022167487684708902,-0.011280788177340142,0.04499999999995907
4,2026-08-04,passive_sell,0.9,0.5,112,0.0004956185281788264,0.0028571428571426694,-0.008750000000000289,0.31999999999997897
4,2026-08-04,passive_sell,0.9,1.0,34,0.0004956185281788264,0.0004411764705874161,-0.011764705882353526,0.014999999999972147
5,2026-08-05,passive_buy,0.0,0.0,8208,-inf,0.003264498050682381,-0.009426169590643262,26.795000000000982
5,2026-08-05,passive_buy,0.0,0.25,3124,-inf,0.001230793854033404,-0.01165492957746478,3.845000000000354
5,2026-08-05,passive_buy,0.0,0.5,2000,-inf,0.001130000000000166,-0.011734999999999992,2.260000000000332
5,2026-08-05,passive_buy,0.0,1.0,656,-inf,0.0022789634146338283,-0.00986280487804943,1.4949999999997914
5,2026-08-05,passive_buy,0.3,0.0,5529,-0.00020384282991038895,0.0036335684572257262,-0.008676071622354805,20.09000000000104
5,2026-08-05,passive_buy,0.3,0.25,2158,-0.00020384282991038895,0.002113067655236588,-0.010393883225208421,4.5600000000005565
5,2026-08-05,passive_buy,0.3,0.5,1384,-0.00020384282991038895,0.001315028901734438,-0.011206647398843805,1.8200000000004621
5,2026-08-05,passive_buy,0.3,1.0,431,-0.00020384282991038895,0.0012645011600924488,-0.010487238979119094,0.5449999999998454
5,2026-08-05,passive_buy,0.5,0.0,3958,-3.893548001042892e-05,0.003337544214249731,-0.008774633653360304,13.210000000000434
5,2026-08-05,passive_buy,0.5,0.25,1549,-3.893548001042892e-05,0.0018366688185928598,-0.010426081342801739,2.84500000000034
5,2026-08-05,passive_buy,0.5,0.5,985,-3.893548001042892e-05,0.0009187817258887156,-0.011390862944162255,0.9050000000003848
5,2026-08-05,passive_buy,0.5,1.0,296,-3.893548001042892e-05,0.0018581081081077144,-0.009662162162163025,0.5499999999998835
5,2026-08-05,passive_buy,0.7,0.0,2471,0.00010419119275277264,0.0026547956292998394,-0.009312019425334012,6.559999999999903
5,2026-08-05,passive_buy,0.7,0.25,983,0.00010419119275277264,0.0008290946083418807,-0.011342828077314385,0.8150000000000688
5,2026-08-05,passive_buy,0.7,0.5,625,0.00010419119275277264,0.00024000000000016825,-0.011951999999999987,0.15000000000010516
5,2026-08-05,passive_buy,0.7,1.0,175,0.00010419119275277264,-0.0011714285714292925,-0.012571428571429562,-0.2050000000001262
5,2026-08-05,passive_buy,0.9,0.0,750,0.00032351090837292505,0.0007266666666660437,-0.011266666666667457,0.5449999999995327
5,2026-08-05,passive_buy,0.9,0.25,328,0.00032351090837292505,-0.0013109756097566382,-0.013597560975610452,-0.43000000000017735
5,2026-08-05,passive_buy,0.9,0.5,221,0.00032351090837292505,-0.0018552036199098083,-0.014072398190045857,-0.41000000000006764
5,2026-08-05,passive_buy,0.9,1.0,58,0.00032351090837292505,-0.0031034482758626764,-0.014655172413794108,-0.18000000000003524
5,2026-08-05,passive_sell,0.0,0.0,5794,-inf,0.0037124611667241885,-0.009385571280635184,21.50999999999995
5,2026-08-05,passive_sell,0.0,0.25,2715,-inf,0.0017863720073665642,-0.011152854511970522,4.850000000000222
5,2026-08-05,passive_sell,0.0,0.5,1608,-inf,0.0021828358208955344,-0.011026119402985153,3.5100000000000193
5,2026-08-05,passive_sell,0.0,1.0,420,-inf,0.004571428571428778,-0.007785714285714242,1.920000000000087
5,2026-08-05,passive_sell,0.3,0.0,3550,-0.0001041911927527727,0.004308450704225325,-0.00932957746478883,15.294999999999902
5,2026-08-05,passive_sell,0.3,0.25,1578,-0.0001041911927527727,0.0019391634980988428,-0.011628643852978567,3.059999999999974
5,2026-08-05,passive_sell,0.3,0.5,943,-0.0001041911927527727,0.002332979851537694,-0.011484623541887643,2.2000000000000455
5,2026-08-05,passive_sell,0.3,1.0,241,-0.0001041911927527727,0.003547717842323963,-0.009709543568464686,0.855000000000075
5,2026-08-05,passive_sell,0.5,0.0,2443,3.893548001042892e-05,0.004136307818256151,-0.009774866966844202,10.104999999999777
5,2026-08-05,passive_sell,0.5,0.25,1074,3.893548001042892e-05,0.0020065176908750488,-0.01193668528864086,2.154999999999802
5,2026-08-05,passive_sell,0.5,0.5,657,3.893548001042892e-05,0.0026103500761034196,-0.011628614916286313,1.7149999999999466
5,2026-08-05,passive_sell,0.5,1.0,158,3.893548001042892e-05,0.006107594936709242,-0.007658227848100957,0.9650000000000603
5,2026-08-05,passive_sell,0.7,0.0,1434,0.00020384282991038884,0.005160390516038848,-0.008905160390516245,7.399999999999707
5,2026-08-05,passive_sell,0.7,0.25,659,0.00020384282991038884,0.0027465857359634336,-0.011320182094082117,1.8099999999999028
5,2026-08-05,passive_sell,0.7,0.5,410,0.00020384282991038884,0.0036829268292681667,-0.010707317073170854,1.5099999999999483
5,2026-08-05,passive_sell,0.7,1.0,90,0.00020384282991038884,0.009388888888888718,-0.005000000000000189,0.8449999999999847
5,2026-08-05,passive_sell,0.9,0.0,450,0.0005097863218526225,0.0051111111111114835,-0.009133333333332905,2.3000000000001677
5,2026-08-05,passive_sell,0.9,0.25,208,0.0005097863218526225,0.0022115384615384315,-0.01201923076923077,0.45999999999999375
5,2026-08-05,passive_sell,0.9,0.5,120,0.0005097863218526225,0.0032083333333336127,-0.011916666666666369,0.38500000000003354
5,2026-08-05,passive_sell,0.9,1.0,30,0.0005097863218526225,-0.0016666666666660982,-0.017666666666666466,-0.04999999999998295
6,2026-08-06,passive_buy,0.0,0.0,6806,-inf,0.0027145166029973566,-0.010762562444901551,18.47500000000001
6,2026-08-06,passive_buy,0.0,0.25,2474,-inf,-0.0005537590945833733,-0.014179466451090965,-1.3699999999992656
6,2026-08-06,passive_buy,0.0,0.5,1415,-inf,-0.001551236749116382,-0.014996466431095099,-2.1949999999996805
6,2026-08-06,passive_buy,0.0,1.0,400,-inf,-0.0035374999999995536,-0.016799999999999288,-1.4149999999998215
6,2026-08-06,passive_buy,0.3,0.0,4739,-0.00018691329746474165,0.0022177674614897967,-0.010920025321797802,10.510000000000147
6,2026-08-06,passive_buy,0.3,0.25,1753,-0.00018691329746474165,-0.001240730176839483,-0.01446662863662258,-2.1749999999996135
6,2026-08-06,passive_buy,0.3,0.5,988,-0.00018691329746474165,-0.0023431174089065063,-0.01539473684210474,-2.3149999999996282
6,2026-08-06,passive_buy,0.3,1.0,267,-0.00018691329746474165,-0.0037078651685386148,-0.016891385767789032,-0.9899999999998101
6,2026-08-06,passive_buy,0.5,0.0,3331,-2.187925931082035e-05,0.0016331432002401162,-0.011344941459021327,5.439999999999827
6,2026-08-06,passive_buy,0.5,0.25,1283,-2.187925931082035e-05,-0.0018238503507402664,-0.014832424006235077,-2.339999999999762
6,2026-08-06,passive_buy,0.5,0.5,751,-2.187925931082035e-05,-0.0022436750998663744,-0.015233022636484097,-1.684999999999647
6,2026-08-06,passive_buy,0.5,1.0,200,-2.187925931082035e-05,-0.00237499999999919,-0.015349999999998759,-0.474999999999838
6,2026-08-06,passive_buy,0.7,0.0,1951,0.00012329378974960077,0.00052793439261901,-0.012219374679651547,1.0299999999996885
6,2026-08-06,passive_buy,0.7,0.25,786,0.00012329378974960077,-0.0027162849872772697,-0.015368956743002298,-2.134999999999934
6,2026-08-06,passive_buy,0.7,0.5,457,0.00012329378974960077,-0.0037746170678332504,-0.016345733041574884,-1.7249999999997954
6,2026-08-06,passive_buy,0.7,1.0,117,0.00012329378974960077,-0.004871794871794206,-0.018034188034186875,-0.5699999999999221
6,2026-08-06,passive_buy,0.9,0.0,569,0.0003477537192241562,-0.00253075571177524,-0.015448154657293383,-1.4400000000001114
6,2026-08-06,passive_buy,0.9,0.25,250,0.0003477537192241562,-0.007279999999999745,-0.02007999999999953,-1.8199999999999363
6,2026-08-06,passive_buy,0.9,0.5,154,0.0003477537192241562,-0.008798701298700863,-0.020974025974025586,-1.354999999999933
6,2026-08-06,passive_buy,0.9,1.0,36,0.0003477537192241562,-0.018749999999999527,-0.03138888888888837,-0.674999999999983
6,2026-08-06,passive_sell,0.0,0.0,4952,-inf,0.002650444264943457,-0.010902665589660835,13.125
6,2026-08-06,passive_sell,0.0,0.25,2093,-inf,0.0005924510272336199,-0.013225035833731537,1.2399999999999665
6,2026-08-06,passive_sell,0.0,0.5,1274,-inf,-0.0003139717425429525,-0.014215070643641832,-0.39999999999972147
6,2026-08-06,passive_sell,0.0,1.0,358,-inf,0.001452513966480793,-0.011955307262569439,0.5200000000001239
6,2026-08-06,passive_sell,0.3,0.0,3032,-0.00012329378974960085,0.0029584432717678706,-0.01115105540897105,8.970000000000184
6,2026-08-06,passive_sell,0.3,0.25,1234,-0.00012329378974960085,0.0012115072933551081,-0.013095623987033907,1.4950000000002035
6,2026-08-06,passive_sell,0.3,0.5,750,-0.00012329378974960085,0.000546666666667079,-0.013813333333332907,0.41000000000030923
6,2026-08-06,passive_sell,0.3,1.0,177,-0.00012329378974960085,0.004519774011300222,-0.009265536723162921,0.8000000000001393
6,2026-08-06,passive_sell,0.5,0.0,1981,2.187925931082035e-05,0.0028293791014637583,-0.011660777385159284,5.6049999999997056
6,2026-08-06,passive_sell,0.5,0.25,840,2.187925931082035e-05,0.0013095238095237013,-0.013440476190476341,1.099999999999909
6,2026-08-06,passive_sell,0.5,0.5,497,2.187925931082035e-05,-2.01207243458866e-05,-0.014889336016096391,-0.00999999999990564
6,2026-08-06,passive_sell,0.5,1.0,117,2.187925931082035e-05,0.0032905982905989417,-0.010683760683759955,0.38500000000007617
6,2026-08-06,passive_sell,0.7,0.0,1040,0.0001869132974647416,0.003456730769230522,-0.011451923076923477,3.594999999999743
6,2026-08-06,passive_sell,0.7,0.25,460,0.0001869132974647416,0.0028913043478260214,-0.012260869565217594,1.3299999999999699
6,2026-08-06,passive_sell,0.7,0.5,275,0.0001869132974647416,-0.0007272727272726342,-0.015818181818181874,-0.19999999999997442
6,2026-08-06,passive_sell,0.7,1.0,66,0.0001869132974647416,-0.001212121212120325,-0.016060606060605342,-0.07999999999994145
6,2026-08-06,passive_sell,0.9,0.0,259,0.0005043746081806995,0.0011583011583014217,-0.013976833976833638,0.3000000000000682
6,2026-08-06,passive_sell,0.9,0.25,111,0.0005043746081806995,-0.0035135135135124945,-0.0188288288288279,-0.3899999999998869
6,2026-08-06,passive_sell,0.9,0.5,57,0.0005043746081806995,-0.011754385964910815,-0.027368421052630123,-0.6699999999999164
6,2026-08-06,passive_sell,0.9,1.0,11,0.0005043746081806995,-0.033181818181816425,-0.049090909090907076,-0.3649999999999807
7,2026-08-07,passive_buy,0.0,0.0,6654,-inf,0.0018222122031860022,-0.01060565073639923,12.124999999999659
7,2026-08-07,passive_buy,0.0,0.25,2649,-inf,-0.0023933559833899114,-0.01534163835409591,-6.3399999999998755
7,2026-08-07,passive_buy,0.0,0.5,1668,-inf,-0.002730815347721767,-0.015599520383693052,-4.554999999999907
7,2026-08-07,passive_buy,0.0,1.0,539,-inf,-0.0018645640074208254,-0.013413729128014692,-1.004999999999825
7,2026-08-07,passive_buy,0.3,0.0,4663,-0.00017374605570900318,0.0018861248123524868,-0.010403173922367639,8.794999999999646
7,2026-08-07,passive_buy,0.3,0.25,1804,-0.00017374605570900318,-0.0012610864745011433,-0.014151884700665252,-2.2750000000000625
7,2026-08-07,passive_buy,0.3,0.5,1105,-0.00017374605570900318,-0.0010135746606334498,-0.013882352941176455,-1.119999999999962
7,2026-08-07,passive_buy,0.3,1.0,319,-0.00017374605570900318,0.0007053291536052651,-0.011097178683385599,0.22500000000007958
7,2026-08-07,passive_buy,0.5,0.0,3359,-6.486622797531619e-06,0.0014706757963678222,-0.010601369455195154,4.939999999999515
7,2026-08-07,passive_buy,0.5,0.25,1309,-6.486622797531619e-06,-0.0019213139801376512,-0.014522536287242357,-2.5150000000001853
7,2026-08-07,passive_buy,0.5,0.5,835,-6.486622797531619e-06,-0.0009580838323354451,-0.013473053892215705,-0.8000000000000966
7,2026-08-07,passive_buy,0.5,1.0,219,-6.486622797531619e-06,-0.0008675799086753994,-0.012557077625570678,-0.18999999999991246
7,2026-08-07,passive_buy,0.7,0.0,2115,0.00014005311304165355,0.0016855791962173585,-0.010151300236406712,3.5649999999997135
7,2026-08-07,passive_buy,0.7,0.25,833,0.00014005311304165355,-0.002058823529412127,-0.01436974789916003,-1.7150000000003018
7,2026-08-07,passive_buy,0.7,0.5,531,0.00014005311304165355,-0.0007344632768366677,-0.012881355932203825,-0.3900000000002706
7,2026-08-07,passive_buy,0.7,1.0,143,0.00014005311304165355,0.0018531468531468572,-0.009860139860140135,0.26500000000000057
7,2026-08-07,passive_buy,0.9,0.0,660,0.00037995366367348155,0.003386363636363442,-0.008999999999999975,2.2349999999998715
7,2026-08-07,passive_buy,0.9,0.25,305,0.00037995366367348155,0.003393442622950389,-0.009409836065574134,1.0349999999998687
7,2026-08-07,passive_buy,0.9,0.5,202,0.00037995366367348155,0.0046534653465342204,-0.008217821782178518,0.9399999999999125
7,2026-08-07,passive_buy,0.9,1.0,54,0.00037995366367348155,-0.0001851851851855431,-0.012962962962963278,-0.010000000000019327
7,2026-08-07,passive_sell,0.0,0.0,4594,-inf,0.0036612973443621113,-0.010097953852851558,16.81999999999954
7,2026-08-07,passive_sell,0.0,0.25,2119,-inf,0.0026687116564415507,-0.010877772534214358,5.654999999999646
7,2026-08-07,passive_sell,0.0,0.5,1319,-inf,0.0024450341167548545,-0.01095526914329062,3.2249999999996533
7,2026-08-07,passive_sell,0.0,1.0,411,-inf,0.003369829683698102,-0.009416058394160855,1.3849999999999199
7,2026-08-07,passive_sell,0.3,0.0,2697,-0.00014005311304165355,0.004718205413422103,-0.009692250648869302,12.724999999999412
7,2026-08-07,passive_sell,0.3,0.25,1163,-0.00014005311304165355,0.0037274290627683907,-0.010515907136715803,4.3349999999996385
7,2026-08-07,passive_sell,0.3,0.5,709,-0.00014005311304165355,0.0036530324400558412,-0.010380818053597396,2.5899999999995913
7,2026-08-07,passive_sell,0.3,1.0,205,-0.00014005311304165355,0.004317073170731178,-0.009170731707318091,0.8849999999998914
7,2026-08-07,passive_sell,0.5,0.0,1861,6.486622797531619e-06,0.004532509403546184,-0.010198817839871218,8.434999999999448
7,2026-08-07,passive_sell,0.5,0.25,782,6.486622797531619e-06,0.00366368286444974,-0.010895140664961958,2.8649999999996965
7,2026-08-07,passive_sell,0.5,0.5,477,6.486622797531619e-06,0.003983228511529636,-0.010566037735849888,1.8999999999996362
7,2026-08-07,passive_sell,0.5,1.0,142,6.486622797531619e-06,0.0019014084507030964,-0.012042253521128518,0.2699999999998397
7,2026-08-07,passive_sell,0.7,0.0,1093,0.00017374605570900315,0.004931381518755498,-0.010274473924977138,5.389999999999759
7,2026-08-07,passive_sell,0.7,0.25,478,0.00017374605570900315,0.004717573221757224,-0.010648535564853385,2.254999999999953
7,2026-08-07,passive_sell,0.7,0.5,304,0.00017374605570900315,0.0054276315789469195,-0.009638157894737098,1.6499999999998636
7,2026-08-07,passive_sell,0.7,1.0,87,0.00017374605570900315,0.0037356321839070988,-0.011724137931035663,0.3249999999999176
7,2026-08-07,passive_sell,0.9,0.0,354,0.000494001579290658,0.006567796610169941,-0.009519774011298745,2.325000000000159
7,2026-08-07,passive_sell,0.9,0.25,163,0.000494001579290658,0.005276073619632073,-0.010552147239263274,0.8600000000000279
7,2026-08-07,passive_sell,0.9,0.5,106,0.000494001579290658,0.006179245283019147,-0.009245283018867359,0.6550000000000296
7,2026-08-07,passive_sell,0.9,1.0,31,0.000494001579290658,0.005806451612902529,-0.010322580645161988,0.1799999999999784
