horizon,bucket_on,ofi_decile,n_fills,mean_bucket_value,mean_prev_ofi,frac_passive_buys,markout_ticks,se_ticks,markout_after_crossing_out_ticks,pct_positive,decile_monotonicity_spearman
ms100,prev_ofi,0,4221,-1081.1314697265625,-1081.1314697265625,0.4804282368685179,-0.074389954986977,0.04546014188296251,-1.423596278691724,30.612244897959183,-0.12727272727272726
ms100,prev_ofi,1,4227,-510.3719787597656,-510.3719787597656,0.4964040809499916,-0.0391530636385177,0.0417554645949229,-1.420629262342534,31.326308747282155,-0.12727272727272726
ms100,prev_ofi,2,4287,-305.6123962402344,-305.6123962402344,0.5106276150627616,-0.07417774667601094,0.041860292643569816,-1.4534639349571954,31.497907949790793,-0.12727272727272726
ms100,prev_ofi,3,4204,-165.63844299316406,-165.63844299316406,0.5010940919037199,-0.1365366317792493,0.04507273039896589,-1.5022597268975115,29.17017337148628,-0.12727272727272726
ms100,prev_ofi,4,4226,-52.98590087890625,-52.98590087890625,0.495636119503189,-0.11594888783718463,0.04182835661834139,-1.4873402484000946,30.211480362537763,-0.12727272727272726
ms100,prev_ofi,5,4205,51.205013275146484,51.205013275146484,0.5047619047619047,-0.10404280618310113,0.043142737622051675,-1.4802615670542512,29.55722639933166,-0.12727272727272726
ms100,prev_ofi,6,4220,167.86996459960938,167.86996459960938,0.487751677852349,-0.13163507109006034,0.03289376344924691,-1.529028409750377,30.218120805369125,-0.12727272727272726
ms100,prev_ofi,7,4211,310.0291442871094,310.0291442871094,0.5020934516831351,-0.09760151982902258,0.035513296873165186,-1.4783899047593587,30.631385027633563,-0.12727272727272726
ms100,prev_ofi,8,4254,510.7890930175781,510.7890930175781,0.5054704595185996,-0.12023977433004453,0.041555238224625854,-1.518688267236118,31.711833024743306,-0.12727272727272726
ms100,prev_ofi,9,4246,1082.0125732421875,1082.0125732421875,0.5077207116482041,-0.007418747056060734,0.035951089077265054,-1.3626942755992317,32.3766364551863,-0.12727272727272726
ms250,prev_ofi,0,5149,-1081.1314697265625,-1081.1314697265625,0.4804282368685179,-0.0630219460089322,0.05671513797921591,-1.38085062555125,38.959518233522914,-0.18787878787878787
ms250,prev_ofi,1,5107,-510.3719787597656,-510.3719787597656,0.4964040809499916,-0.053651850401403606,0.04724531105829844,-1.4138437183838204,38.68539889613648,-0.18787878787878787
ms250,prev_ofi,2,5097,-305.6123962402344,-305.6123962402344,0.5106276150627616,-0.07318030213852324,0.03858101343945013,-1.4411418221559211,38.56066945606695,-0.18787878787878787
ms250,prev_ofi,3,5040,-165.63844299316406,-165.63844299316406,0.5010940919037199,-0.10337301587299798,0.04925881443705526,-1.4535714026606863,36.74465578185491,-0.18787878787878787
ms250,prev_ofi,4,5039,-52.98590087890625,-52.98590087890625,0.495636119503189,-0.11381226433815077,0.04733941338117593,-1.4706290669607536,37.39509902651897,-0.18787878787878787
ms250,prev_ofi,5,5112,51.205013275146484,51.205013275146484,0.5047619047619047,-0.06680359937400619,0.038913548541202665,-1.423024230454457,37.87802840434419,-0.18787878787878787
ms250,prev_ofi,6,5132,167.86996459960938,167.86996459960938,0.487751677852349,-0.12383086515979874,0.03246102305579871,-1.4959080018551896,37.5503355704698,-0.18787878787878787
ms250,prev_ofi,7,5071,310.0291442871094,310.0291442871094,0.5020934516831351,-0.06990731611121649,0.033772081403345616,-1.4285150595101848,38.35203483503601,-0.18787878787878787
ms250,prev_ofi,8,5098,510.7890930175781,510.7890930175781,0.5054704595185996,-0.11386818360141078,0.04328888067752591,-1.494213390941213,38.91600740616058,-0.18787878787878787
ms250,prev_ofi,9,5092,1082.0125732421875,1082.0125732421875,0.5077207116482041,-0.052729772191681346,0.026052335862522622,-1.3904163143396435,38.77139979859013,-0.18787878787878787
ms500,prev_ofi,0,5704,-1081.1314697265625,-1081.1314697265625,0.4804282368685179,-0.045319074333807705,0.055623432393320495,-1.3508940842152912,43.89427902308464,-0.21212121212121213
ms500,prev_ofi,1,5692,-510.3719787597656,-510.3719787597656,0.4964040809499916,-0.03970484891075726,0.04551794628298732,-1.383257177560867,44.2548921224285,-0.21212121212121213
ms500,prev_ofi,2,5667,-305.6123962402344,-305.6123962402344,0.5106276150627616,-0.02893947414857775,0.03854694259413373,-1.3784188906768478,44.45188284518829,-0.21212121212121213
ms500,prev_ofi,3,5650,-165.63844299316406,-165.63844299316406,0.5010940919037199,-0.08619469026547498,0.05270238828206708,-1.4192035140499224,42.97256354149133,-0.21212121212121213
ms500,prev_ofi,4,5658,-52.98590087890625,-52.98590087890625,0.495636119503189,-0.06574761399785699,0.05148077837566278,-1.4122481180743853,43.37025847599866,-0.21212121212121213
ms500,prev_ofi,5,5698,51.205013275146484,51.205013275146484,0.5047619047619047,-0.07713232713231857,0.047927258031992034,-1.4224288962492369,43.45864661654135,-0.21212121212121213
ms500,prev_ofi,6,5685,167.86996459960938,167.86996459960938,0.487751677852349,-0.13817062445032666,0.03786912344549759,-1.4999120230744916,42.73489932885906,-0.21212121212121213
ms500,prev_ofi,7,5667,310.0291442871094,310.0291442871094,0.5020934516831351,-0.08064231515794129,0.032559638010176854,-1.425357305677658,43.04136660525875,-0.21212121212121213
ms500,prev_ofi,8,5686,510.7890930175781,510.7890930175781,0.5054704595185996,-0.07966936334856621,0.04499612409423607,-1.4411712719151684,44.52112438983336,-0.21212121212121213
ms500,prev_ofi,9,5675,1082.0125732421875,1082.0125732421875,0.5077207116482041,-0.028105726872244174,0.042001880015514595,-1.3525990939166552,44.64585431352803,-0.21212121212121213
ms1000,prev_ofi,0,5937,-1081.1314697265625,-1081.1314697265625,0.4804282368685179,0.010274549435737638,0.05651011676252366,-1.2882768823788007,46.671127467380394,-0.22424242424242424
ms1000,prev_ofi,1,5929,-510.3719787597656,-510.3719787597656,0.4964040809499916,-0.020239500758975574,0.050983717493937764,-1.3549502190786125,45.97758822545576,-0.22424242424242424
ms1000,prev_ofi,2,5936,-305.6123962402344,-305.6123962402344,0.5106276150627616,-0.0229952830188585,0.0422557010955554,-1.3647236938128842,47.07949790794979,-0.22424242424242424
ms1000,prev_ofi,3,5906,-165.63844299316406,-165.63844299316406,0.5010940919037199,-0.11522180833049582,0.054020348493757996,-1.4418387822188532,45.564719744150814,-0.22424242424242424
ms1000,prev_ofi,4,5906,-52.98590087890625,-52.98590087890625,0.495636119503189,-0.05680663731796638,0.05758071328597307,-1.395191304782397,45.720040281973816,-0.22424242424242424
ms1000,prev_ofi,5,5949,51.205013275146484,51.205013275146484,0.5047619047619047,-0.08665321902840385,0.05239448441975382,-1.4232643880375822,45.93149540517962,-0.22424242424242424
ms1000,prev_ofi,6,5918,167.86996459960938,167.86996459960938,0.487751677852349,-0.10087867522813344,0.04181699620928565,-1.4559817244571167,45.75503355704698,-0.22424242424242424
ms1000,prev_ofi,7,5928,310.0291442871094,310.0291442871094,0.5020934516831351,-0.08282726045883503,0.042494825210676566,-1.419028313890819,46.709093954111545,-0.22424242424242424
ms1000,prev_ofi,8,5901,510.7890930175781,510.7890930175781,0.5054704595185996,-0.046687002202998304,0.050372995414121095,-1.401287891301489,47.23110587443191,-0.22424242424242424
ms1000,prev_ofi,9,5918,1082.0125732421875,1082.0125732421875,0.5077207116482041,-0.015545792497464907,0.05545350873605296,-1.3318688496198197,46.30748573346761,-0.22424242424242424
ms2000,prev_ofi,0,5975,-1081.1314697265625,-1081.1314697265625,0.4804282368685179,-0.0702928870292885,0.06535697381327472,-1.3676987196205799,46.654399464703914,0.11515151515151516
ms2000,prev_ofi,1,5971,-510.3719787597656,-510.3719787597656,0.4964040809499916,-0.06598559705243118,0.09087373071345073,-1.3996817698542299,48.218765679879574,0.11515151515151516
ms2000,prev_ofi,2,5970,-305.6123962402344,-305.6123962402344,0.5106276150627616,-0.015745393634839643,0.05713111496751354,-1.3566163895423924,48.0,0.11515151515151516
ms2000,prev_ofi,3,5936,-165.63844299316406,-165.63844299316406,0.5010940919037199,-0.131991239892182,0.055295709594137175,-1.4573786804343327,46.06968523817539,0.11515151515151516
ms2000,prev_ofi,4,5954,-52.98590087890625,-52.98590087890625,0.495636119503189,-0.0562646960026719,0.05127117514517992,-1.3929290972183141,46.7942262504196,0.11515151515151516
ms2000,prev_ofi,5,5982,51.205013275146484,51.205013275146484,0.5047619047619047,-0.12637913741222273,0.061179343593215224,-1.461885630840933,46.950710108604845,0.11515151515151516
ms2000,prev_ofi,6,5958,167.86996459960938,167.86996459960938,0.487751677852349,-0.1534911043974597,0.06588108656976474,-1.506461873851895,45.671140939597315,0.11515151515151516
ms2000,prev_ofi,7,5968,310.0291442871094,310.0291442871094,0.5020934516831351,-0.10774128686325875,0.04828532103222825,-1.4431132445812116,47.68045553508625,0.11515151515151516
ms2000,prev_ofi,8,5936,510.7890930175781,510.7890930175781,0.5054704595185996,-0.05635107816709817,0.06266559895463802,-1.409113855416821,47.71923918532234,0.11515151515151516
ms2000,prev_ofi,9,5952,1082.0125732421875,1082.0125732421875,0.5077207116482041,0.04502688172041709,0.0472846762574081,-1.2702452706971825,47.700570661295735,0.11515151515151516
ms5000,prev_ofi,0,5974,-1081.1314697265625,-1081.1314697265625,0.4804282368685179,-0.0012554402410557542,0.09066519718286502,-1.298794752216975,47.87554366008698,0.07878787878787878
ms5000,prev_ofi,1,5969,-510.3719787597656,-510.3719787597656,0.4964040809499916,-0.0805830122298538,0.07685073936446449,-1.4146422931497256,48.28566649941462,0.07878787878787878
ms5000,prev_ofi,2,5971,-305.6123962402344,-305.6123962402344,0.5106276150627616,0.0936191592697972,0.0876886952433292,-1.247194748877203,50.1255230125523,0.07878787878787878
ms5000,prev_ofi,3,5936,-165.63844299316406,-165.63844299316406,0.5010940919037199,-0.05946765498652149,0.08266402374366516,-1.3850235591367666,48.914324187847164,0.07878787878787878
ms5000,prev_ofi,4,5953,-52.98590087890625,-52.98590087890625,0.495636119503189,-0.03544431379135685,0.07908059807055125,-1.3720812774855382,49.160792212151726,0.07878787878787878
ms5000,prev_ofi,5,5980,51.205013275146484,51.205013275146484,0.5047619047619047,-0.12784280936456008,0.0507679198832429,-1.4633779002920557,47.769423558897245,0.07878787878787878
ms5000,prev_ofi,6,5958,167.86996459960938,167.86996459960938,0.487751677852349,-0.2582242363209098,0.10833068666292771,-1.611278926552254,46.54362416107383,0.07878787878787878
ms5000,prev_ofi,7,5968,310.0291442871094,310.0291442871094,0.5020934516831351,0.032506702412859786,0.05744024417102732,-1.3029490354640783,48.26662200636409,0.07878787878787878
ms5000,prev_ofi,8,5935,510.7890930175781,510.7890930175781,0.5054704595185996,-0.05947767481043742,0.07664220941982282,-1.412468381761466,48.76283453963979,0.07878787878787878
ms5000,prev_ofi,9,5949,1082.0125732421875,1082.0125732421875,0.5077207116482041,0.11027063371995321,0.07658942736293209,-1.205328601653094,49.19436052366566,0.07878787878787878
ms10000,prev_ofi,0,5967,-1081.1314697265625,-1081.1314697265625,0.4804282368685179,0.05865594100888671,0.10212913624007516,-1.239651390957717,48.94613583138173,-0.34545454545454546
ms10000,prev_ofi,1,5966,-510.3719787597656,-510.3719787597656,0.4964040809499916,-0.013325511230292467,0.12676156866914157,-1.3475527736972337,48.553269777554775,-0.34545454545454546
ms10000,prev_ofi,2,5967,-305.6123962402344,-305.6123962402344,0.5106276150627616,0.1292106586224156,0.11680150757639614,-1.2120830979724593,50.14225941422594,-0.34545454545454546
ms10000,prev_ofi,3,5935,-165.63844299316406,-165.63844299316406,0.5010940919037199,-0.002274641954510599,0.092757235059573,-1.3278853996728268,49.28463221679852,-0.34545454545454546
ms10000,prev_ofi,4,5950,-52.98590087890625,-52.98590087890625,0.495636119503189,-0.03411764705882856,0.11756357983047493,-1.3710083772987176,48.94259818731118,-0.34545454545454546
ms10000,prev_ofi,5,5976,51.205013275146484,51.205013275146484,0.5047619047619047,-0.04417670682730401,0.08317606947735336,-1.379936386184036,48.721804511278194,-0.34545454545454546
ms10000,prev_ofi,6,5956,167.86996459960938,167.86996459960938,0.487751677852349,-0.16722632639355905,0.13270841027662827,-1.5205674688416284,47.36577181208054,-0.34545454545454546
ms10000,prev_ofi,7,5964,310.0291442871094,310.0291442871094,0.5020934516831351,-0.08727364185109207,0.11608430762146932,-1.4231220395232285,48.41735052754982,-0.34545454545454546
ms10000,prev_ofi,8,5930,510.7890930175781,510.7890930175781,0.5054704595185996,-0.06315345699829289,0.1099587059542088,-1.4165261122858035,48.274701228749365,-0.34545454545454546
ms10000,prev_ofi,9,5943,1082.0125732421875,1082.0125732421875,0.5077207116482041,0.30809355544338524,0.09579767059312,-1.0080767039096081,50.03356831151393,-0.34545454545454546
ms30000,prev_ofi,0,5936,-1081.1314697265625,-1081.1314697265625,0.4804282368685179,0.1327493261455496,0.2115957166974021,-1.1683793548466994,49.04650384744061,0.21212121212121213
ms30000,prev_ofi,1,5952,-510.3719787597656,-510.3719787597656,0.4964040809499916,0.00638440860214091,0.1895902329742203,-1.3289650282503442,50.02508780732564,0.21212121212121213
ms30000,prev_ofi,2,5959,-305.6123962402344,-305.6123962402344,0.5106276150627616,0.16722604463836077,0.20699374866178216,-1.1748615280643961,49.80753138075314,0.21212121212121213
ms30000,prev_ofi,3,5928,-165.63844299316406,-165.63844299316406,0.5010940919037199,0.06654858299596497,0.1613507304734562,-1.2594466678837024,49.23413566739606,0.21212121212121213
ms30000,prev_ofi,4,5937,-52.98590087890625,-52.98590087890625,0.495636119503189,-0.10198753579248934,0.15427137487935358,-1.4400370296718954,49.19436052366566,0.21212121212121213
ms30000,prev_ofi,5,5968,51.205013275146484,51.205013275146484,0.5047619047619047,0.023793565683653758,0.15672396098166122,-1.3126675341791338,49.49039264828738,0.21212121212121213
ms30000,prev_ofi,6,5942,167.86996459960938,167.86996459960938,0.487751677852349,-0.11553349040727448,0.15185258759877457,-1.4699595834231105,48.99328859060403,0.21212121212121213
ms30000,prev_ofi,7,5952,310.0291442871094,310.0291442871094,0.5020934516831351,0.02016129032258857,0.20246321782683716,-1.3168682533463945,48.685312342991125,0.21212121212121213
ms30000,prev_ofi,8,5923,510.7890930175781,510.7890930175781,0.5054704595185996,0.2246327874388148,0.19865397617079356,-1.1291574955278236,49.78959771082309,0.21212121212121213
ms30000,prev_ofi,9,5914,1082.0125732421875,1082.0125732421875,0.5077207116482041,0.19800473452821898,0.24491389456416116,-1.1204768095844724,50.62101376300772,0.21212121212121213
