feature,target,n,pearson,spearman,slope,slope_se_hac,t_stat_hac,p_value_hac,hac_lag,directional_accuracy,pct_target_unchanged,cond_mean_pos,cond_mean_neg,cond_mean_se_pos,cond_mean_se_neg,ci95_slope_low,ci95_slope_high,p_value_fdr
OFI1_ref,ms100,1446981,0.030797881338815374,0.021671240985595887,5.667376001594956e-07,1.8936491554476244e-08,29.9283316832536,8.423575452402408e-197,33,0.509727248506916,49.971837916323715,0.00036068260648639054,-0.00041655083198406277,1.3338131479249497e-05,1.3326139119207559e-05,5.296227587191753e-07,6.038524415998159e-07,2.190129617624626e-195
OFI1_ref,ms250,1864457,0.023388739463340715,0.013724529856133361,5.784128603933376e-07,2.2588130595965048e-08,25.60693803039462,1.2769083180799612e-144,35,0.5039983133292171,39.176178372577105,0.00037920129416648177,-0.00042176312447284687,1.5667893113855896e-05,1.5695514024892788e-05,5.341409379471589e-07,6.226847828395164e-07,1.9919769762047394e-143
OFI1_ref,ms500,2067545,0.014643046817238091,0.007998833249688659,4.76517106628492e-07,2.9353566131680784e-08,16.233704092062446,2.913357019421296e-59,36,0.5010102567320889,28.77069181081911,0.00032244307054928115,-0.0003880078986380445,1.955887804252122e-05,1.95612503258987e-05,4.1898517419258293e-07,5.340490390644011e-07,1.4202615469678818e-58
OFI1_ref,ms1000,2144991,0.009074616694780373,0.004990298947865984,4.01242231753228e-07,4.185601757307285e-08,9.586249600854488,9.134511156543103e-22,36,0.5002238379988307,18.60543937014188,0.00029421581606964807,-0.00036802564302847705,2.6096041064062858e-05,2.611965857962201e-05,3.1920594477372967e-07,4.832785187327264e-07,2.0955643241481235e-21
OFI1_ref,ms2000,2157802,0.005738302015246299,0.004051390211527388,3.5321669907608455e-07,6.120112916182121e-08,5.771408206246462,7.861177918251742e-09,36,0.5001383694584863,11.003187502838536,0.0002725632287560698,-0.00039921119445290984,3.622340884875725e-05,3.620121280896066e-05,2.3326469010573095e-07,4.731687080464381e-07,1.2022977992620312e-08
OFI1_ref,ms5000,2158188,0.0016908856421158612,0.0017855051650963155,1.6211357196667455e-07,9.762822917259852e-08,1.6605194352144947,0.09681000137305334,36,0.5000769320295656,5.612161683782877,8.518151980325625e-05,-0.00038379374365736903,5.640186938925526e-05,5.638614616855522e-05,-2.9234241086041193e-08,3.5346138501939026e-07,0.11013563839032305
OFI1_ref,ms10000,2157691,-0.0004116813566213282,-0.0010328853122530612,-5.533302098088205e-08,1.3909207285030242e-07,-0.39781577660744266,0.6907659869964603,36,0.49908288371913134,3.6958952880648805,-0.00016904993178314126,-0.00041002401505079453,7.903904953641544e-05,7.904849999614207e-05,-3.2794847430249626e-07,2.1728243234073216e-07,0.7183966264763187
OFI1_ref,ms30000,2155694,-0.0005118049478517392,-0.0014530337944726763,-1.1802715318451113e-07,2.4380744294054893e-07,-0.4840998771858306,0.6283149884508658,36,0.5000178334583261,2.0053866643410427,-0.0006650360328934642,-0.0008340075360885726,0.00013556852524419831,0.00013553427157992105,-5.958809605107912e-07,3.5982665414176896e-07,0.6622779607995612
OFI1_ref,ev1,2158685,0.006747663027383131,0.007089485813187109,2.1373331101035306e-08,2.2014743835500502e-09,9.708644016365582,2.7699748088896793e-22,36,0.5102087826111131,88.28666526149021,2.179421260590437e-05,-6.269859229740278e-06,1.8647948095470478e-06,1.8643825990261547e-06,1.705852059638969e-08,2.568814160568092e-08,6.547213184648333e-22
OFI1_ref,ev5,2158685,0.004224152604175352,0.002919260118594337,3.1212737105153954e-08,5.561163084871834e-09,5.612627543699035,1.9927722563020724e-08,36,0.5027983181425726,59.42747552329312,4.2624940361210575e-05,-4.8017490148742365e-06,4.350721009352046e-06,4.34713549946777e-06,2.0313057746651496e-08,4.211241646365641e-08,2.8784488146585492e-08
OFI1_ref,ev10,2158684,0.006371541721480929,0.008328670077544332,6.584576763709238e-08,8.510165321130715e-09,7.737307696431882,1.0154410269409928e-14,36,0.505954442886881,42.519933440929755,7.3363880772349e-05,-4.038705743958227e-05,6.078616385837942e-06,6.085168602495148e-06,4.916615010519444e-08,8.252538516899033e-08,2.140659462199931e-14
OFI1_ref,ev25,2158677,0.01270926919503753,0.01897731499380114,2.08278153924094e-07,1.629242582547281e-08,12.783741117204057,2.0210886896239526e-37,36,0.5107786857276712,24.32262909180021,0.00017822682926151175,-0.0001805127744768615,9.638816865240658e-06,9.645383810559965e-06,1.7634558608537705e-07,2.4021072176281095e-07,6.305796711626732e-37
OFI1_ref,ev50,2158662,0.012985902955526301,0.019796365865341253,3.032845449381157e-07,2.597944446623098e-08,11.674019640117244,1.7304919059201636e-31,36,0.5102354240679579,15.073642839870253,0.00026434495332607934,-0.0002922320201236254,1.3742350586569302e-05,1.3737045955828382e-05,2.5236576944594456e-07,3.542033204302868e-07,4.65442650557837e-31
OFI12w_ref,ms100,1446981,0.025055931218380383,0.011232319259751733,2.657040308270148e-07,4.535886513787283e-08,5.85781919409537,4.689848304012853e-09,33,0.5038635536948906,49.971837916323715,0.000342884938290606,-0.0003991083527109097,1.3308859097754173e-05,1.3313798419541394e-05,1.7680228877717463e-07,3.54605772876855e-07,7.31616335426005e-09
OFI12w_ref,ms250,1864457,0.018048170685716416,0.003815942387356491,2.573854104315855e-07,4.583144092094993e-08,5.6159135575842765,1.9552639856315843e-08,35,0.49836840209353084,39.176178372577105,0.00035470657562674927,-0.0003970048219384139,1.5653215645963174e-05,1.5669536479624385e-05,1.675574368669484e-07,3.472133839962226e-07,2.877558318476671e-08
OFI12w_ref,ms500,2067545,0.010723708550593373,-0.0003660784788126171,2.0292999409944782e-07,2.9595562452792148e-08,6.856770991365386,7.043440442636816e-12,36,0.4962947653532686,28.77069181081911,0.00028520314653810775,-0.0003501016998047809,1.9505565507006058e-05,1.9561458731010597e-05,1.4492375758976932e-07,2.609362306091263e-07,1.277647336106213e-11
OFI12w_ref,ms1000,2144991,0.006153627827080497,-0.00087149665280544,1.5878976969353042e-07,2.681431196042843e-08,5.921828981771619,3.1838062604800202e-09,36,0.49650837308020734,18.60543937014188,0.00024432949036162836,-0.00032062753099187013,2.604828428052288e-05,2.6098596919575617e-05,1.0623468398086909e-07,2.1134485540619176e-07,5.068099761580441e-09
OFI12w_ref,ms2000,2157802,0.003739567916141423,0.0005762100274919545,1.3438207786205516e-07,3.642017188565944e-08,3.6897705558322347,0.00022445640158464083,36,0.49789643548921103,11.003187502838536,0.00021634116486997224,-0.0003456587811812782,3.615133119865116e-05,3.618175720317936e-05,6.299985265540444e-08,2.057643030687059e-07,0.00030185516075175833
OFI12w_ref,ms5000,2158188,-2.289419024150108e-05,-0.00031233451758198063,-1.281346983702674e-09,5.8474687857555745e-08,-0.021912848629889795,0.9825174755120455,36,0.4988911258611469,5.612161683782877,2.608129469465077e-05,-0.0003217402831885764,5.6293697550469803e-05,5.6335201979014035e-05,-1.1588962919173355e-07,1.133269352243282e-07,0.9825174755120455
OFI12w_ref,ms10000,2157691,-0.0015675014907374316,-0.0024392205508142655,-1.2297081306567365e-07,7.41925856270918e-08,-1.6574542055152506,0.09742768011451654,36,0.49840820112512496,3.6958952880648805,-0.00021550686361964356,-0.0003590340970104925,7.879856131305314e-05,7.908130168770745e-05,-2.6838560881467765e-07,2.2443982683330357e-08,0.11013563839032305
OFI12w_ref,ms30000,2155694,-0.0018755994428959826,-0.002822487897511389,-2.5232721802351666e-07,1.3651788066541423e-07,-1.8483089306223155,0.06455766453441533,36,0.4992731514418713,2.0053866643410427,-0.0008234289302136583,-0.0007086559346809332,0.0001350638327773803,0.00013569036762063277,-5.198973473734655e-07,1.52429113264322e-08,0.07694980690822661
OFI12w_ref,ev1,2158685,-0.00521661560101131,-0.007207020972978893,-9.647385985376042e-09,1.3872055412279992e-09,-6.954546892045906,3.5369698094924015e-12,36,0.49395195616108584,88.28666526149021,2.097628711421109e-06,1.3473025947357298e-05,1.8619332969443735e-06,1.8603667967025125e-06,-1.2366258885337313e-08,-6.92851308541477e-09,6.81246535759828e-12
OFI12w_ref,ev5,2158685,-0.013349236119091936,-0.01765730495563299,-5.759047510200682e-08,8.357138411607069e-09,-6.891171626644416,5.533472904771392e-12,36,0.4906950372770067,59.42747552329312,-1.9385777431917537e-05,5.784954265446852e-05,4.343359228581386e-06,4.339602325119212e-06,-7.397016540257295e-08,-4.121078480144069e-08,1.0276449680289728e-11
OFI12w_ref,ev10,2158684,-0.009645527169192538,-0.009176403846984468,-5.8198431922017907e-08,9.175342530727738e-09,-6.3429165425829535,2.254555810376401e-10,36,0.49764915765853357,42.519933440929755,1.2539682100653938e-06,3.261620309874667e-05,6.067444319073098e-06,6.076955892265448e-06,-7.618177282806287e-08,-4.021509101597294e-08,3.7416032597736014e-10
OFI12w_ref,ev25,2158677,0.001792462935732531,0.008480910340461816,1.715014368855069e-08,8.447493632016121e-09,2.0302049857192435,0.042335707272105345,36,0.5067214062156231,24.32262909180021,0.00011427728423178017,-0.00011612897204112997,9.617417057525913e-06,9.63851095746851e-06,5.93360410167641e-10,3.370692696693374e-08,0.052162047133871174
OFI12w_ref,ev50,2158662,0.006417784781123434,0.013910928671747641,8.750966222159564e-08,1.5451207763917333e-08,5.663613068873095,1.4821842537667603e-08,36,0.5079882341890088,15.073642839870253,0.00021387211285785253,-0.00024131848028486849,1.3712988304115971e-05,1.3726432670585561e-05,5.7225851486672e-08,1.1779347295651928e-07,2.2232763806501403e-08
nOFI_L1,ms100,1446981,0.017734608326568174,0.018973492182721038,4.366037627411239e-05,3.6110689236462184e-06,12.090706989338502,1.1826461251436715e-33,33,0.509727248506916,49.971837916323715,0.00036068260648639054,-0.00041655083198406277,1.3338131479249497e-05,1.3326139119207559e-05,3.658281123807399e-05,5.0737941310150797e-05,3.2945142057573704e-33
nOFI_L1,ms250,1864457,0.01320167330876233,0.011926474373279249,4.407027183878003e-05,3.521841660874496e-06,12.513416582117749,6.30527084344863e-36,35,0.5039983133292171,39.176178372577105,0.00037920129416648177,-0.00042176312447284687,1.5667893113855896e-05,1.5695514024892788e-05,3.7167589024213294e-05,5.097295465334677e-05,1.891581253034589e-35
nOFI_L1,ms500,2067545,0.007986103412395957,0.0069006021871049405,3.403721762260665e-05,4.1828758958475095e-06,8.13727647439806,4.042688267541908e-16,36,0.5010102567320889,28.77069181081911,0.00032244307054928115,-0.0003880078986380445,1.955887804252122e-05,1.95612503258987e-05,2.5838931514944816e-05,4.223550373026848e-05,8.759157913007468e-16
nOFI_L1,ms1000,2144991,0.0053430540629413525,0.0050615948988139495,3.110607119599479e-05,5.606180998468328e-06,5.548531380719481,2.8807918356694302e-08,36,0.5002238379988307,18.60543937014188,0.00029421581606964807,-0.00036802564302847705,2.6096041064062858e-05,2.611965857962201e-05,2.0118158348184065e-05,4.209398404380551e-05,4.08548660331301e-08
nOFI_L1,ms2000,2157802,0.004000689226686044,0.00414441391082107,3.248837171384888e-05,7.311766810616819e-06,4.443299759871331,8.858960416126707e-06,36,0.5001383694584863,11.003187502838536,0.0002725632287560698,-0.00039921119445290984,3.622340884875725e-05,3.620121280896066e-05,1.815757210168462e-05,4.6819171326013144e-05,1.21227879378576e-05
nOFI_L1,ms5000,2158188,0.0011379906862981303,0.0017327100808816576,1.4375712119266764e-05,1.2020218185911917e-05,1.195960996458081,0.23171178007629123,36,0.5000769320295656,5.612161683782877,8.518151980325625e-05,-0.00038379374365736903,5.640186938925526e-05,5.638614616855522e-05,-9.183482611433977e-06,3.793490684996751e-05,0.2581931263707245
nOFI_L1,ms10000,2157691,0.00013707367723684615,-0.0008424317213874692,2.4265430176868464e-06,1.520748579620461e-05,0.15956240566027344,0.8732257954050748,36,0.49908288371913134,3.6958952880648805,-0.00016904993178314126,-0.00041002401505079453,7.903904953641544e-05,7.904849999614207e-05,-2.7379581438278617e-05,3.223266747365231e-05,0.8845663901505952
nOFI_L1,ms30000,2155694,-0.00030294853966519327,-0.0009624592933995397,-9.188328920495698e-06,2.957602137772196e-05,-0.3106681863374895,0.7560528849051824,36,0.5000178334583261,2.0053866643410427,-0.0006650360328934642,-0.0008340075360885726,0.00013556852524419831,0.00013553427157992105,-6.715626562681745e-05,4.877960778582605e-05,0.7759490134553189
nOFI_L1,ev1,2158685,-0.0016259677335223658,0.004468904756359589,-6.78849621350342e-07,3.3094553430834687e-07,-2.05124273022475,0.04024331455338537,36,0.5102087826111131,88.28666526149021,2.179421260590437e-05,-6.269859229740278e-06,1.8647948095470478e-06,1.8643825990261547e-06,-1.3274909494390668e-06,-3.02082932616173e-08,0.050628686051033205
nOFI_L1,ev5,2158685,-0.0016008208042461924,-0.00019461005749583427,-1.5591137601476232e-06,7.696818248280375e-07,-2.025660097269363,0.042799628417535325,36,0.5027983181425726,59.42747552329312,4.2624940361210575e-05,-4.8017490148742365e-06,4.350721009352046e-06,4.34713549946777e-06,-3.0676624163656433e-06,-5.0565103929602916e-08,0.052162047133871174
nOFI_L1,ev10,2158684,0.0019694339614999257,0.005824762019763573,2.682671990181543e-06,1.0635544660045855e-06,2.522364463626799,0.011656886201142339,36,0.505954442886881,42.519933440929755,7.3363880772349e-05,-4.038705743958227e-05,6.078616385837942e-06,6.085168602495148e-06,5.981435412158262e-07,4.7672004391472595e-06,0.015153952061485041
nOFI_L1,ev25,2158677,0.007537540770648059,0.018167756072367695,1.6281091767385495e-05,2.2427469032167224e-06,7.2594423133675425,3.886895127718176e-13,36,0.5107786857276712,24.32262909180021,0.00017822682926151175,-0.0001805127744768615,9.638816865240658e-06,9.645383810559965e-06,1.188538861064198e-05,2.067679492412901e-05,7.978363683210993e-13
nOFI_L1,ev50,2158662,0.008509099570311205,0.01975894113777682,2.6193237135705506e-05,3.767290120243419e-06,6.952805942647459,3.5809112777119163e-12,36,0.5102354240679579,15.073642839870253,0.00026434495332607934,-0.0002922320201236254,1.3742350586569302e-05,1.3737045955828382e-05,1.8809484180714835e-05,3.3576990090696175e-05,6.81246535759828e-12
nOFI_L2,ms100,1446981,0.030742061865309332,0.011835577363985902,0.0003126324642426785,1.1528742196095463e-05,27.117655935489683,6.09715150639724e-162,33,0.5038635536948906,49.971837916323715,0.000342884938290606,-0.0003991083527109097,1.3308859097754173e-05,1.3313798419541394e-05,0.0002900365447512842,0.0003352283837340728,1.1889445437474618e-160
nOFI_L2,ms250,1864457,0.023328505998635098,0.004869456266364247,0.00032201908552177314,1.3595233688575497e-05,23.68617508887515,5.006058671057362e-124,35,0.49836840209353084,39.176178372577105,0.00035470657562674927,-0.0003970048219384139,1.5653215645963174e-05,1.5669536479624385e-05,0.00029537291713075954,0.00034866525391278675,6.50787627237457e-123
nOFI_L2,ms500,2067545,0.01408962968892785,0.0004474926044206339,0.00025707693938405586,1.872032517668237e-05,13.732503947328077,6.485283437935461e-43,36,0.4962947653532686,28.77069181081911,0.00028520314653810775,-0.0003501016998047809,1.9505565507006058e-05,1.9561458731010597e-05,0.00022038577625887998,0.0002937681025092317,2.2993277643589363e-42
nOFI_L2,ms1000,2144991,0.008503442849166421,0.0002825464524198734,0.00021183417777698133,2.5037248066240683e-05,8.46076123128767,2.6563778762551413e-17,36,0.49650837308020734,18.60543937014188,0.00024432949036162836,-0.00032062753099187013,2.604828428052288e-05,2.6098596919575617e-05,0.00016276207329515448,0.00026090628225880816,5.919927838511458e-17
nOFI_L2,ms2000,2157802,0.005132749328521366,0.0012143496369910473,0.0001780709061257506,3.5600670720316314e-05,5.001897507063834,5.676877060276913e-07,36,0.49789643548921103,11.003187502838536,0.00021634116486997224,-0.0003456587811812782,3.615133119865116e-05,3.618175720317936e-05,0.00010829487368846102,0.0002478469385630402,7.907078762528556e-07
nOFI_L2,ms5000,2158188,0.0010840701483072828,-9.815755298336914e-05,5.857040251982165e-05,5.734189113194911e-05,1.0214243263279479,0.3070534448634724,36,0.4988911258611469,5.612161683782877,2.608129469465077e-05,-0.0003217402831885764,5.6293697550469803e-05,5.6335201979014035e-05,-5.381763890421532e-05,0.00017095844394385862,0.33264123193542844
nOFI_L2,ms10000,2157691,-0.0008504709582605529,-0.002166888516080875,-6.439165760205472e-05,8.161372701441843e-05,-0.7889807261305302,0.4301232715939892,36,0.49840820112512496,3.6958952880648805,-0.00021550686361964356,-0.0003590340970104925,7.879856131305314e-05,7.908130168770745e-05,-0.0002243516231943985,9.556830799028907e-05,0.45958376964837205
nOFI_L2,ms30000,2155694,-0.0019740814449392004,-0.002556377727476544,-0.0002560947523145041,0.0001440027656163181,-1.7784016245691046,0.07533791606798633,36,0.4992731514418713,2.0053866643410427,-0.0008234289302136583,-0.0007086559346809332,0.0001350638327773803,0.00013569036762063277,-0.0005383349865966504,2.6145481967642216e-05,0.08770682766123782
nOFI_L2,ev1,2158685,-0.005017335122704027,-0.0075250780419115525,-8.958952861217888e-06,1.382590886890981e-06,-6.479829243894266,9.18264804512305e-11,36,0.49395195616108584,88.28666526149021,2.097628711421109e-06,1.3473025947357298e-05,1.8619332969443735e-06,1.8603667967025125e-06,-1.1668781204877502e-05,-6.249124517558274e-06,1.557057711999126e-10
nOFI_L2,ev5,2158685,-0.012378394651225338,-0.01699403553442471,-5.156106678078451e-05,3.8088095623022066e-06,-13.537318140321725,9.416438242223657e-42,36,0.4906950372770067,59.42747552329312,-1.9385777431917537e-05,5.784954265446852e-05,4.343359228581386e-06,4.339602325119212e-06,-5.90261963468686e-05,-4.409593721470042e-05,3.1934007951888927e-41
nOFI_L2,ev10,2158684,-0.006632615476616016,-0.007840593747816668,-3.8639674252759996e-05,5.3453702893053094e-06,-7.228624428520489,4.879106763662264e-13,36,0.49764915765853357,42.519933440929755,1.2539682100653938e-06,3.261620309874667e-05,6.067444319073098e-06,6.076955892265448e-06,-4.911640750382885e-05,-2.816294100169114e-05,9.758213527324528e-13
nOFI_L2,ev25,2158677,0.006961589740450226,0.010570100024777008,6.431096103736759e-05,9.429136980501399e-06,6.820450394384643,9.075552243669009e-12,36,0.5067214062156231,24.32262909180021,0.00011427728423178017,-0.00011612897204112997,9.617417057525913e-06,9.63851095746851e-06,4.58301921502901e-05,8.279172992444508e-05,1.6088478977413242e-11
nOFI_L2,ev50,2158662,0.01186793964282674,0.016091882530511536,0.00015624414507272176,1.4484223661301245e-05,10.787195001011533,3.956824764595861e-27,36,0.5079882341890088,15.073642839870253,0.00021387211285785253,-0.00024131848028486849,1.3712988304115971e-05,1.3726432670585561e-05,0.00012785558835254844,0.00018463270179289507,9.955881665757327e-27
zOFI,ms100,1446981,0.03125898085731776,0.022744823612965665,0.00041359723060572265,1.1327128268962052e-05,36.513864837130704,6.682234541142759e-292,33,0.509602393760309,49.971837916323715,0.0002820940954972441,-0.0003375040838598927,1.329887911853982e-05,1.3308653568045915e-05,0.0003913964671502915,0.0004357979940611538,5.212142942091353e-290
zOFI,ms250,1864457,0.025479219570210446,0.018371112172990804,0.0004515797496648971,1.4604353442416277e-05,30.920899815622622,6.256243686197903e-210,35,0.5058650069575861,39.176178372577105,0.00031529271882533796,-0.00035710050112558656,1.5584900117857672e-05,1.571887888649228e-05,0.0004229557429002676,0.00048020375642952656,2.439935037617182e-208
zOFI,ms500,2067545,0.018174897449303104,0.015158143388811782,0.00042362212524039224,2.0504604102239676e-05,20.659853910279637,7.960477640299777e-95,36,0.5040704784552213,28.77069181081911,0.0002930510978408857,-0.00035851977320924664,1.9469517904538848e-05,1.9570192965243028e-05,0.0003834338396827502,0.00046381041079803425,6.89908062159314e-94
zOFI,ms1000,2144991,0.013703182150611927,0.013814136452600132,0.000434512806248427,3.032280443655666e-05,14.32957189555283,1.4299937423494615e-46,36,0.5039066191720751,18.60543937014188,0.000314592941927279,-0.0003907205566578631,2.5987769126213703e-05,2.61253712772671e-05,0.00037508120164252455,0.0004939444108543294,5.3114053287265716e-46
zOFI,ms2000,2157802,0.011463199936400265,0.014704110243373912,0.0005057652639181437,4.494298808098189e-05,11.25348548269232,2.2261741304942823e-29,36,0.5051128673872641,11.003187502838536,0.000362874482315972,-0.0004925883726281628,3.609159358775005e-05,3.6191979221513025e-05,0.00041767862592180624,0.0005938519019144811,5.788052739285133e-29
zOFI,ms5000,2158188,0.00695542731451364,0.012781302344892982,0.0004779115595840542,7.276913378105418e-05,6.567503758145338,5.1165721166204775e-11,36,0.50604528230381,5.612161683782877,0.00029787830397084866,-0.0005957096016990125,5.609681212013696e-05,5.646045622284201e-05,0.00033528667818701096,0.0006205364409810974,8.868725002142162e-11
zOFI,ms10000,2157691,0.0026498237731467015,0.0052183977498553805,0.0002551745853322984,0.00010208167293681367,2.499710065392893,0.012429498457797006,36,0.502547016946265,3.6958952880648805,3.301556619391736e-06,-0.000577902415846016,7.859000308867869e-05,7.918800666467092e-05,5.509818289454649e-05,0.00045525098777005036,0.01589345704439617
zOFI,ms30000,2155694,0.0019589670695314776,0.003548290743240819,0.0003233334655341041,0.00017529669441454003,1.8444926563731319,0.06511137507619176,36,0.5020630171744523,2.0053866643410427,-0.00047694977362826714,-0.0010614254738756338,0.00013480159852767584,0.00013576241458287594,-2.024174212731804e-05,0.0006669086731955261,0.07694980690822661
zOFI,ev1,2158685,0.009762041728870999,0.009341495585274015,2.2165472765951064e-05,1.5447177912128895e-06,14.349205331898885,1.0776496325258637e-46,36,0.511874582263863,88.28666526149021,2.2850874767251734e-05,-7.468795428576198e-06,1.860698938749478e-06,1.858847231862692e-06,1.9137881528895538e-05,2.519306400300659e-05,4.202833566850869e-46
zOFI,ev5,2158685,0.00968237475810009,0.0075898310107823065,5.1285152908435027e-05,3.964140632414315e-06,12.937268796440348,2.773139471566719e-38,36,0.504628794435399,59.42747552329312,5.52237155024586e-05,-1.81411639586899e-05,4.340581876733777e-06,4.336272034478497e-06,4.351558003925113e-05,5.905472577761892e-05,9.012703282591836e-38
zOFI,ev10,2158684,0.01289624995728654,0.012985891872949452,9.553538942332518e-05,6.098863179574491e-06,15.66445854094247,2.646740896867982e-55,36,0.5067863748645022,42.519933440929755,8.969360101764803e-05,-5.7696964052900394e-05,6.062421869182565e-06,6.072607615906313e-06,8.358183724472174e-05,0.00010748894160192863,1.214386999739427e-54
zOFI,ev25,2158677,0.0213649772704455,0.02348826833448032,0.00025097677950392346,1.1273882200629867e-05,22.261788356268394,8.67182318826851e-110,36,0.5101024909907952,24.32262909180021,0.0002004784049481291,-0.00020400019370497139,9.604193869594652e-06,9.636042585153791e-06,0.00022888037642474176,0.0002730731825831052,9.662888695499196e-109
zOFI,ev50,2158662,0.022415548188611106,0.024942342554722212,0.0003752606641756026,1.7676394178811494e-05,21.229480423412575,5.102348787826417e-100,36,0.5098085421020276,15.073642839870253,0.00029365377116998746,-0.00032200925880225025,1.368511113171929e-05,1.373377487301999e-05,0.0003406155682085986,0.00040990576014260664,4.974790068130757e-99
signed_volume,ms100,1446981,0.02563170656742879,0.03157261414734374,1.4336690931297976e-06,8.533080184719508e-08,16.801308110254492,2.3872067481470565e-63,33,0.5259452203649845,49.971837916323715,0.0007280786858920654,-0.0007025011548868157,2.069083315033427e-05,1.9705815078123927e-05,1.2664237947373714e-06,1.6009143915222238e-06,1.5516843862955868e-62
signed_volume,ms250,1864457,0.018972842524965235,0.021265340494012568,1.460391076183299e-06,8.262214735701939e-08,17.675540068848473,6.471768911204948e-70,35,0.5131897921409969,39.176178372577105,0.0007057760429825772,-0.0006763857993837369,2.391460560099711e-05,2.2642213187447135e-05,1.2984546430381798e-06,1.6223275093284182e-06,5.04797975073986e-69
signed_volume,ms500,2067545,0.013849837181096471,0.01623864227605581,1.395602044018178e-06,9.31397070435102e-08,14.983964286748538,9.347131556177722e-51,36,0.5079250166069653,28.77069181081911,0.000665154218945246,-0.0006515648512011043,2.9177802209931972e-05,2.78752054151225e-05,1.2130515726822865e-06,1.5781525153540695e-06,3.83724348095717e-50
signed_volume,ms1000,2144991,0.011121203224957544,0.012884935504891748,1.5263950000549974e-06,1.2562173460543234e-07,12.15072379671623,5.685996987006679e-34,36,0.5057240401753839,18.60543937014188,0.0006724274622529013,-0.0006516817459194465,3.870925484109116e-05,3.697258944559381e-05,1.280180924552901e-06,1.7726090755570937e-06,1.6426213518019295e-33
signed_volume,ms2000,2157802,0.009363878641139889,0.010810726328856064,1.790902326983021e-06,1.7949581927004293e-07,9.977404121533848,1.9140886033953255e-23,36,0.5050411474422981,11.003187502838536,0.0006667429220017911,-0.000722475332910065,5.366208939929038e-05,5.1260973654499006e-05,1.4390969858382262e-06,2.1427076681278157e-06,4.665590970776106e-23
signed_volume,ms5000,2158188,0.005655097039110364,0.006267393971193908,1.6867470849323141e-06,2.8146978418721816e-07,5.992639990836043,2.064615728564111e-09,36,0.5032071172636223,5.612161683782877,0.0005272603312146835,-0.0006166795925753795,8.327560682649066e-05,7.981759360910016e-05,1.135076445189105e-06,2.238417724675523e-06,3.35500055891668e-09
signed_volume,ms10000,2157691,0.002609821590401022,0.0046417516118418415,1.0922791257583747e-06,3.8472322731773733e-07,2.8391296604929894,0.004523677129834351,36,0.502811814166309,3.6958952880648805,0.000437109713646969,-0.0007091751756100978,0.00011627107376771648,0.0001121137417944833,3.3823545619959333e-07,1.846322795317156e-06,0.005980454510628464
signed_volume,ms30000,2155694,0.0010837350415920301,0.00339460465823033,7.808343270398366e-07,6.923893764532236e-07,1.1277387458479993,0.25943026920141277,36,0.502324784758314,2.0053866643410427,0.00016831654796777755,-0.0009930624503831354,0.00019896864907551504,0.0001930992037746998,-5.76223914086627e-07,2.1378925681663e-06,0.2850079013761999
signed_volume,ev1,2158685,0.02150117452944987,0.04305657545847048,2.115396058639022e-07,1.217295971263786e-08,17.377828470448613,1.21466598768222e-67,36,0.5868377246817884,88.28666526149021,0.00013893987992252604,-0.000112944367044393,2.9987818889870927e-06,2.8994449956261826e-06,1.8768104324187494e-07,2.3539816848592944e-07,8.613086094473923e-67
signed_volume,ev5,2158685,0.017354435151475982,0.029877320485309642,3.9830285272849173e-07,2.4124788571288556e-08,16.510107500072383,3.1033003472958296e-61,36,0.5327189853866243,59.42747552329312,0.0002697016529888563,-0.0002100240192815831,6.722564910628116e-06,6.51961433664715e-06,3.5101913599412267e-07,4.455865694628608e-07,1.7289816220648195e-60
signed_volume,ev10,2158684,0.017369405643519027,0.032561687975308486,5.57543759198568e-07,3.342973542525118e-08,16.67807872560747,1.8920689176631877e-62,36,0.5291753451709047,42.519933440929755,0.00037414838867112484,-0.00030909838810364845,9.307146787598966e-06,9.032440572686285e-06,4.920226817523729e-07,6.230648366447631e-07,1.1352413505979125e-61
signed_volume,ev25,2158677,0.01927490181523443,0.03844932246264256,9.8110828503299e-07,6.027041328450608e-08,16.27843964503238,1.404034924887682e-59,36,0.5308070351548613,24.32262909180021,0.0005920236901809787,-0.000551816443594669,1.4546343660518077e-05,1.4155606100833621e-05,8.629804456620136e-07,1.0992361244039663e-06,7.300981609415947e-59
signed_volume,ev50,2158662,0.016822246930690222,0.03222298932570504,1.2203009965253785e-06,8.079679329484425e-08,15.103334510718108,1.5394718020175543e-51,36,0.5243995123859977,15.073642839870253,0.0006461243531061699,-0.0006834812698701606,2.0491325143751727e-05,1.992394191533359e-05,1.0619421916011564e-06,1.3786598014496006e-06,6.671044475409402e-51
