unwind_1000ms_ticks,unwind_1000ms_se_ticks,unwind_1000ms_t,unwind_1000ms_passive_exit_frac,unwind_5000ms_ticks,unwind_5000ms_se_ticks,unwind_5000ms_t,unwind_5000ms_passive_exit_frac,horizon,model,gate_quantile,queue_ahead_fraction,maker_rebate_per_unit,n_fills,n_days,fills_per_day,markout_ticks,markout_after_crossing_out_ticks,se_ticks,t_stat,below_min_fills,breakeven_rebate_per_unit,breakeven_rebate_ticks
-0.86381203366444,0.052236952151171266,-16.536417193036243,0.6158702859646484,-0.561160864632274,0.04997113128519063,-11.22970103337602,0.9553755055731573,ms1000,M5_full,0.0,0.0,0.0,305842,8,38230.25,-0.2603354019395637,-1.5594228392437952,0.025152123437918197,-10.350434331404955,False,0.0026033540193956374,0.2603354019395637
-0.7022250050679754,0.053594629747841814,-13.102525539814053,0.6158702859646484,-0.36562331407495824,0.05028766161134592,-7.270636620583411,0.9553755055731573,ms1000,M5_full,0.0,0.0,0.001,305842,8,38230.25,-0.16033540193956375,-1.4594228392437951,0.025152123437918197,-6.374626871377762,False,0.0026033540193956374,0.2603354019395637
-0.5406379764715105,0.05499722791082991,-9.830276852282031,0.6158702859646484,-0.17008576351764249,0.050614740106328486,-3.3603998195058646,0.9553755055731573,ms1000,M5_full,0.0,0.0,0.002,305842,8,38230.25,-0.060335401939563736,-1.3594228392437953,0.025152123437918197,-2.3988194113505674,False,0.0026033540193956374,0.2603354019395637
-0.45984446217327807,0.05571431627080386,-8.253614025130767,0.6158702859646484,-0.07231698823898465,0.05078217148131392,-1.4240625426109397,0.9553755055731573,ms1000,M5_full,0.0,0.0,0.0025,305842,8,38230.25,-0.010335401939563739,-1.3094228392437952,0.025152123437918197,-0.41091568133697043,False,0.0026033540193956374,0.2603354019395637
-0.37905094787504556,0.05644139784100237,-6.7158320377331355,0.6158702859646484,0.025451787039673213,0.050952163634173445,0.49952318457783373,0.9553755055731573,ms1000,M5_full,0.0,0.0,0.003,305842,8,38230.25,0.03966459806043626,-1.2594228392437952,0.025152123437918197,1.5769880486766266,False,0.0026033540193956374,0.2603354019395637
-1.144631455784374,0.06353039488466683,-18.01706817441226,0.5310841466853538,-0.8289967675679296,0.06122616348488758,-13.5399103974978,0.9172783595407252,ms1000,M5_full,0.0,0.25,0.0,237597,8,29699.625,-0.3906130969667124,-1.6951939628867392,0.03024176620716625,-12.916345371195638,False,0.0039061309696671242,0.3906130969667124
-0.9915230411158388,0.06552729263234505,-15.131451358428489,0.5310841466853538,-0.6372689316138569,0.06224817090645226,-10.23755272378295,0.9172783595407252,ms1000,M5_full,0.0,0.25,0.001,237597,8,29699.625,-0.2906130969667124,-1.595193962886739,0.03024176620716625,-9.60966019563524,False,0.0039061309696671242,0.3906130969667124
-0.8384146264473034,0.06755059530553705,-12.411654148347372,0.5310841466853538,-0.4455410956597844,0.06327998365848715,-7.040790308422087,0.9172783595407252,ms1000,M5_full,0.0,0.25,0.002,237597,8,29699.625,-0.19061309696671241,-1.495193962886739,0.03024176620716625,-6.302975020074843,False,0.0039061309696671242,0.3906130969667124
-0.7618604191130356,0.0685714192624576,-11.110465953708925,0.5310841466853538,-0.3496771776827481,0.0637994185421404,-5.480883457453166,0.9172783595407252,ms1000,M5_full,0.0,0.25,0.0025,237597,8,29699.625,-0.14061309696671243,-1.445193962886739,0.03024176620716625,-4.649632432294645,False,0.0039061309696671242,0.3906130969667124
-0.6853062117787679,0.06959800006770372,-9.84663655725903,0.5310841466853538,-0.25381325970571184,0.06432112986365145,-3.9460323573878076,0.9172783595407252,ms1000,M5_full,0.0,0.25,0.003,237597,8,29699.625,-0.09061309696671241,-1.3951939628867391,0.03024176620716625,-2.996289844514447,False,0.0039061309696671242,0.3906130969667124
-1.2608102823198641,0.06441330408819125,-19.573755766256458,0.4609762284772062,-0.9305673740123133,0.06799788024311551,-13.685240932294048,0.8750138738405433,ms1000,M5_full,0.0,0.5,0.0,189218,8,23652.25,-0.4235775666162833,-1.7300996733925975,0.034643091092827746,-12.226898733755826,False,0.004235775666162833,0.4235775666162833
-1.1147126594721437,0.06616514360112556,-16.847430517073356,0.4609762284772062,-0.7430659866282592,0.06923273820151318,-10.73287011219236,0.8750138738405433,ms1000,M5_full,0.0,0.5,0.001,189218,8,23652.25,-0.3235775666162833,-1.6300996733925974,0.034643091092827746,-9.340320289238694,False,0.004235775666162833,0.4235775666162833
-0.968615036624423,0.06794101477517671,-14.256705464727935,0.4609762284772062,-0.5555645992442048,0.07048022658269523,-7.882559778555119,0.8750138738405433,ms1000,M5_full,0.0,0.5,0.002,189218,8,23652.25,-0.22357756661628328,-1.5300996733925973,0.034643091092827746,-6.453741844721563,False,0.004235775666162833,0.4235775666162833
-0.895566225200563,0.06883738199854554,-13.009882119274746,0.4609762284772062,-0.46181390555217766,0.07110849971267454,-6.494496542863538,0.8750138738405433,ms1000,M5_full,0.0,0.5,0.0025,189218,8,23652.25,-0.1735775666162833,-1.4800996733925973,0.034643091092827746,-5.0104526224629975,False,0.004235775666162833,0.4235775666162833
-0.8225174137767025,0.06973908177146758,-11.794210547137142,0.4609762284772062,-0.3680632118601505,0.07173968649473923,-5.130538337202534,0.8750138738405433,ms1000,M5_full,0.0,0.5,0.003,189218,8,23652.25,-0.12357756661628329,-1.4300996733925975,0.034643091092827746,-3.5671634002044317,False,0.004235775666162833,0.4235775666162833
-1.324488467934347,0.05852854398289532,-22.629786729726643,0.1642686718241631,-1.072055349308127,0.08719796045414506,-12.294500281023094,0.4934429391061183,ms1000,M5_full,0.0,1.0,0.0,41493,8,5186.625,-0.2893741112958759,-1.496204179018146,0.04165991487271879,-6.946104239050523,False,0.0028937411129587596,0.2893741112958759
-1.2080616007519305,0.0595440810728615,-20.28852539135969,0.1642686718241631,-0.9227110553975154,0.08921012917429763,-10.34311982213067,0.4934429391061183,ms1000,M5_full,0.0,1.0,0.001,41493,8,5186.625,-0.18937411129587595,-1.3962041790181459,0.04165991487271879,-4.5457152726898284,False,0.0028937411129587596,0.2893741112958759
-1.0916347335695142,0.06057243355682032,-18.021972528897983,0.1642686718241631,-0.7733667614869036,0.09125762979824457,-8.474543588264224,0.4934429391061183,ms1000,M5_full,0.0,1.0,0.002,41493,8,5186.625,-0.08937411129587595,-1.2962041790181458,0.04165991487271879,-2.145326306329134,False,0.0028937411129587596,0.2893741112958759
-1.0334212999783061,0.06109121364718631,-16.916038138422262,0.1642686718241631,-0.6986946145315976,0.09229389632787283,-7.570323091025375,0.4934429391061183,ms1000,M5_full,0.0,1.0,0.0025,41493,8,5186.625,-0.03937411129587595,-1.2462041790181457,0.04165991487271879,-0.9451318231487863,False,0.0028937411129587596,0.2893741112958759
-0.975207866387098,0.06161295975125238,-15.827966556456092,0.1642686718241631,-0.6240224675762918,0.09333813719299526,-6.685610901854625,0.4934429391061183,ms1000,M5_full,0.0,1.0,0.003,41493,8,5186.625,0.01062588870412405,-1.1962041790181457,0.04165991487271879,0.25506266003156114,False,0.0028937411129587596,0.2893741112958759
-0.8528546110513325,0.05393730366509263,-15.811962280259229,0.6125862396354199,-0.536487206401281,0.05295465402441971,-10.131068105059912,0.9555929467737767,ms1000,M5_full,0.3,0.0,0.0,189588,8,23698.5,-0.23907103825136755,-1.5438213389033106,0.027660417328556668,-8.643074159425288,False,0.0023907103825136756,0.23907103825136755
-0.6915959870877904,0.05519053151490029,-12.531062269278452,0.6125862396354199,-0.34092791172390335,0.05324798521245622,-6.402644351023269,0.9555929467737767,ms1000,M5_full,0.3,0.0,0.001,189588,8,23698.5,-0.13907103825136755,-1.4438213389033105,0.027660417328556668,-5.027799711025703,False,0.0023907103825136756,0.23907103825136755
-0.5303373631242484,0.056490035952698664,-9.388157649046654,0.6125862396354199,-0.14536861704652568,0.053551589142179216,-2.714552814867411,0.9555929467737767,ms1000,M5_full,0.3,0.0,0.002,189588,8,23698.5,-0.039071038251367554,-1.3438213389033107,0.027660417328556668,-1.4125252626261187,False,0.0023907103825136756,0.23907103825136755
-0.44970805114247747,0.05715615990432161,-7.868059223980069,0.6125862396354199,-0.04758896970783682,0.05370718917364546,-0.8860819275790568,0.9555929467737767,ms1000,M5_full,0.3,0.0,0.0025,189588,8,23698.5,0.010928961748632449,-1.2938213389033106,0.027660417328556668,0.3951119615736733,False,0.0023907103825136756,0.23907103825136755
-0.3690787391607065,0.05783269754888124,-6.381835100269263,0.6125862396354199,0.05019067763085201,0.05386529211139976,0.9317814062356107,0.9555929467737767,ms1000,M5_full,0.3,0.0,0.003,189588,8,23698.5,0.06092896174863245,-1.2438213389033108,0.027660417328556668,2.2027491857734653,False,0.0023907103825136756,0.23907103825136755
-1.1450587231985192,0.06698223287302436,-17.09496196355775,0.5281125981238123,-0.8202867407581499,0.06577058940392626,-12.471938417951623,0.9178323204512642,ms1000,M5_full,0.3,0.25,0.0,148919,8,18614.875,-0.3810964349747197,-1.6934440870540408,0.03202319324163179,-11.900638143708754,False,0.003810964349747197,0.3810964349747197
-0.9922474633861379,0.06880582528275332,-14.42098048106476,0.5281125981238123,-0.6285035087130234,0.06675110197494444,-9.415627459587668,0.9178323204512642,ms1000,M5_full,0.3,0.25,0.001,148919,8,18614.875,-0.2810964349747197,-1.5934440870540407,0.03202319324163179,-8.777901468279557,False,0.003810964349747197,0.3810964349747197
-0.8394362035737568,0.07065780385247342,-11.880304195788726,0.5281125981238123,-0.4367202766678969,0.06774195168068282,-6.446821590356266,0.9178323204512642,ms1000,M5_full,0.3,0.25,0.002,148919,8,18614.875,-0.1810964349747197,-1.4934440870540409,0.03202319324163179,-5.65516479285036,False,0.003810964349747197,0.3810964349747197
-0.7630305736675662,0.07159375087287613,-10.657781780737047,0.5281125981238123,-0.34082866064533374,0.06824111243006734,-4.99447691440568,0.9178323204512642,ms1000,M5_full,0.3,0.25,0.0025,148919,8,18614.875,-0.13109643497471968,-1.4434440870540408,0.03202319324163179,-4.093796455135761,False,0.003810964349747197,0.3810964349747197
-0.6866249437613755,0.0725359943607143,-9.465989262473716,0.5281125981238123,-0.24493704462277052,0.06874269152757591,-3.563099424533222,0.9178323204512642,ms1000,M5_full,0.3,0.25,0.003,148919,8,18614.875,-0.08109643497471969,-1.393444087054041,0.03202319324163179,-2.5324281174211625,False,0.003810964349747197,0.3810964349747197
-1.260123616453084,0.06700381348904379,-18.806744733404386,0.45796872638102754,-0.9242791994557771,0.07308679860497956,-12.646322141585827,0.8763406092265829,ms1000,M5_full,0.3,0.5,0.0,119078,8,14884.75,-0.41332571927644113,-1.7280773946488897,0.03429230050260377,-12.053018118310781,False,0.004133257192764412,0.41332571927644113
-1.114326743814981,0.06851495691459318,-16.263992476913284,0.45796872638102754,-0.7366451385331189,0.07424461235389215,-9.921866586384049,0.8763406092265829,ms1000,M5_full,0.3,0.5,0.001,119078,8,14884.75,-0.31332571927644115,-1.6280773946488896,0.03429230050260377,-9.136911629846786,False,0.004133257192764412,0.41332571927644113
-0.9685298711768783,0.07005293491714457,-13.825685852026208,0.45796872638102754,-0.5490110776104606,0.0754161009366844,-7.279759504822225,0.8763406092265829,ms1000,M5_full,0.3,0.5,0.002,119078,8,14884.75,-0.21332571927644114,-1.5280773946488897,0.03429230050260377,-6.220805141382789,False,0.004133257192764412,0.41332571927644113
-0.895631434857827,0.07083144182999129,-12.644546146717017,0.45796872638102754,-0.45519404714913153,0.07600677598293451,-5.988861404295512,0.8763406092265829,ms1000,M5_full,0.3,0.5,0.0025,119078,8,14884.75,-0.16332571927644116,-1.4780773946488897,0.03429230050260377,-4.762751897150792,False,0.004133257192764412,0.41332571927644113
-0.8227329985387756,0.07161601867296155,-11.488114164734995,0.45796872638102754,-0.3613770166878023,0.07660063694945496,-4.717676393817162,0.8763406092265829,ms1000,M5_full,0.3,0.5,0.003,119078,8,14884.75,-0.11332571927644115,-1.4280773946488898,0.03429230050260377,-3.304698652918794,False,0.004133257192764412,0.41332571927644113
-1.3256454101847597,0.05756775394336163,-23.027568723438538,0.16432414397130585,-1.0576923076923006,0.0760875649620946,-13.900987739839266,0.492658101117971,ms1000,M5_full,0.3,1.0,0.0,23977,8,2997.125,-0.2847729073695576,-1.509529966217625,0.03951845080896422,-7.20607466993521,False,0.0028477290736955763,0.2847729073695576
-1.209212995787629,0.05841060831234568,-20.701941491885634,0.16432414397130585,-0.9084264975805035,0.07798952529432222,-11.648057789199529,0.492658101117971,ms1000,M5_full,0.3,1.0,0.001,23977,8,2997.125,-0.18477290736955762,-1.409529966217625,0.03951845080896422,-4.675611102843243,False,0.0028477290736955763,0.2847729073695576
-1.0927805813904985,0.05926761244397374,-18.43807328030153,0.16432414397130585,-0.7591606874687062,0.07994216509676699,-9.49637386665436,0.492658101117971,ms1000,M5_full,0.3,1.0,0.002,23977,8,2997.125,-0.08477290736955763,-1.309529966217625,0.03951845080896422,-2.1451475357512764,False,0.0028477290736955763,0.2847729073695576
-1.034564374191933,0.059701230640795494,-17.32902928612307,0.16432414397130585,-0.684527782412808,0.08093634726949542,-8.457606569932317,0.492658101117971,ms1000,M5_full,0.3,1.0,0.0025,23977,8,2997.125,-0.034772907369557626,-1.259529966217625,0.03951845080896422,-0.8799157522052933,False,0.0028477290736955763,0.2847729073695576
-0.9763481669933679,0.06013816141399598,-16.235085078044005,0.16432414397130585,-0.6098948773569093,0.0819418614386812,-7.443019558608714,0.492658101117971,ms1000,M5_full,0.3,1.0,0.003,23977,8,2997.125,0.015227092630442371,-1.2095299662176249,0.03951845080896422,0.38531603134069,False,0.0028477290736955763,0.2847729073695576
-0.8355844601397674,0.053714702359348235,-15.555973009954629,0.6205577225706849,-0.5199507756563234,0.053650619831531465,-9.69142159566885,0.9572344868735083,ms1000,M5_full,0.5,0.0,0.0,134081,8,16760.125,-0.23169203690306814,-1.539427659399919,0.027037332901698023,-8.56933772814985,False,0.0023169203690306815,0.23169203690306814
-0.673528687882699,0.05478222731249219,-12.294656879150144,0.6205577225706849,-0.32422732696897255,0.05388887221600046,-6.016591434116232,0.9572344868735083,ms1000,M5_full,0.5,0.0,0.001,134081,8,16760.125,-0.13169203690306816,-1.4394276593999191,0.027037332901698023,-4.8707480646065315,False,0.0023169203690306815,0.23169203690306814
-0.5114729156256305,0.05589014418061705,-9.151397319225588,0.6205577225706849,-0.12850387828162177,0.05413553211138002,-2.3737436997429735,0.9572344868735083,ms1000,M5_full,0.5,0.0,0.002,134081,8,16760.125,-0.03169203690306815,-1.339427659399919,0.027037332901698023,-1.1721584010632127,False,0.0023169203690306815,0.23169203690306814
-0.43044502949709623,0.05645850988052741,-7.624094762826128,0.6205577225706849,-0.030642153937946354,0.054261979198758664,-0.5647076348930402,0.9572344868735083,ms1000,M5_full,0.5,0.0,0.0025,134081,8,16760.125,0.01830796309693185,-1.289427659399919,0.027037332901698023,0.6771364307084468,False,0.0023169203690306815,0.23169203690306814
-0.349417143368562,0.057036099193328096,-6.126245453501064,0.6205577225706849,0.06721957040572907,0.054390485134047206,1.235870028371031,0.9572344868735083,ms1000,M5_full,0.5,0.0,0.003,134081,8,16760.125,0.06830796309693185,-1.239427659399919,0.027037332901698023,2.526431262480106,False,0.0023169203690306815,0.23169203690306814
-1.1292726465615786,0.06645293937845465,-16.99356954145073,0.5371327105981469,-0.7972004193703764,0.06484955157353116,-12.293075280041874,0.9218214275594344,ms1000,M5_full,0.5,0.25,0.0,105877,8,13234.625,-0.37585594605060696,-1.6922088838935776,0.03332594147027697,-11.278179384244211,False,0.0037585594605060698,0.37585594605060696
-0.975559375501764,0.06812865797357172,-14.319368743182938,0.5371327105981469,-0.6050182766144329,0.06572903689027523,-9.204733634305644,0.9218214275594344,ms1000,M5_full,0.5,0.25,0.001,105877,8,13234.625,-0.275855946050607,-1.5922088838935775,0.03332594147027697,-8.27751396900939,False,0.0037585594605060698,0.37585594605060696
-0.8218461044419494,0.06982841498538031,-11.769508224037677,0.5371327105981469,-0.4128361338584896,0.06661735919242633,-6.197125476949626,0.9218214275594344,ms1000,M5_full,0.5,0.25,0.002,105877,8,13234.625,-0.17585594605060698,-1.4922088838935776,0.03332594147027697,-5.2768485537745695,False,0.0037585594605060698,0.37585594605060696
-0.744989468912042,0.07068676694922099,-10.539306026645942,0.5371327105981469,-0.31674506248051787,0.06706472461289151,-4.722975667294868,0.9218214275594344,ms1000,M5_full,0.5,0.25,0.0025,105877,8,13234.625,-0.12585594605060696,-1.4422088838935776,0.03332594147027697,-3.7765158461571584,False,0.0037585594605060698,0.37585594605060696
-0.6681328333821347,0.07155049726108322,-9.337920195636942,0.5371327105981469,-0.2206539911025461,0.06751416966116691,-3.2682619398259862,0.9218214275594344,ms1000,M5_full,0.5,0.25,0.003,105877,8,13234.625,-0.07585594605060697,-1.3922088838935778,0.03332594147027697,-2.2761831385397477,False,0.0037585594605060698,0.37585594605060696
-1.2446515321375213,0.06711914124993701,-18.543913240825166,0.46734865470852016,-0.9003083247687553,0.07286702688936063,-12.355496898971323,0.8816570120526955,ms1000,M5_full,0.5,0.5,0.0,85632,8,10704.0,-0.40832282324364594,-1.7271580717488806,0.03501682755270223,-11.660760033989312,False,0.004083228232436459,0.40832282324364594
-1.0979166666666695,0.06850754186632464,-16.026216045073983,0.46734865470852016,-0.7121426235634857,0.07389265159653653,-9.637529689039672,0.8816570120526955,ms1000,M5_full,0.5,0.5,0.001,85632,8,10704.0,-0.3083228232436459,-1.6271580717488805,0.03501682755270223,-8.804990194488731,False,0.004083228232436459,0.40832282324364594
-0.9511818011958175,0.06991699896866214,-13.604442628067485,0.46734865470852016,-0.5239769223582161,0.07493049267732386,-6.992839678962723,0.8816570120526955,ms1000,M5_full,0.5,0.5,0.002,85632,8,10704.0,-0.20832282324364593,-1.5271580717488806,0.03501682755270223,-5.949220354988149,False,0.004083228232436459,0.40832282324364594
-0.8778143684603915,0.07062923050381063,-12.428485517947577,0.46734865470852016,-0.4298940717555814,0.07545383705982943,-5.697444802107368,0.8816570120526955,ms1000,M5_full,0.5,0.5,0.0025,85632,8,10704.0,-0.15832282324364594,-1.4771580717488806,0.03501682755270223,-4.521335435237857,False,0.004083228232436459,0.40832282324364594
-0.8044469357249655,0.07134626464491355,-11.275249513463024,0.46734865470852016,-0.33581122115294665,0.07598004952876021,-4.419728905623236,0.8816570120526955,ms1000,M5_full,0.5,0.5,0.003,85632,8,10704.0,-0.10832282324364592,-1.4271580717488808,0.03501682755270223,-3.093450515487566,False,0.004083228232436459,0.40832282324364594
-1.3133466982564816,0.049432281271682206,-26.568603844889633,0.17678148350646983,-1.036332705510651,0.0846135472097538,-12.247834297049636,0.5116349717479798,ms1000,M5_full,0.5,1.0,0.0,16461,8,2057.625,-0.27455804629122516,-1.501792114695337,0.033553704093846386,-8.182644918227611,False,0.0027455804629122516,0.27455804629122516
-1.1956685499058346,0.05033014198565778,-23.75651056670088,0.17678148350646983,-0.8851692083358531,0.08611787013178639,-10.278577570268244,0.5116349717479798,ms1000,M5_full,0.5,1.0,0.001,16461,8,2057.625,-0.17455804629122515,-1.4017921146953372,0.033553704093846386,-5.202348027001835,False,0.0027455804629122516,0.27455804629122516
-1.0779904015551878,0.05124311573198721,-21.036784866738298,0.17678148350646983,-0.7340057111610551,0.0876757448204431,-8.371821792495444,0.5116349717479798,ms1000,M5_full,0.5,1.0,0.002,16461,8,2057.625,-0.07455804629122516,-1.301792114695337,0.033553704093846386,-2.2220511357760584,False,0.0027455804629122516,0.27455804629122516
-1.0191513273798645,0.05170502033293154,-19.710877605646253,0.17678148350646983,-0.6584239625736561,0.08847388385930005,-7.442014907141945,0.5116349717479798,ms1000,M5_full,0.5,1.0,0.0025,16461,8,2057.625,-0.02455804629122515,-1.251792114695337,0.033553704093846386,-0.7319026901631702,False,0.0027455804629122516,0.27455804629122516
-0.9603122532045409,0.05217040908981632,-18.407221065705503,0.17678148350646983,-0.5828422139862571,0.08928436813222079,-6.527931217737116,0.5116349717479798,ms1000,M5_full,0.5,1.0,0.003,16461,8,2057.625,0.025441953708774848,-1.201792114695337,0.033553704093846386,0.758245755449718,False,0.0027455804629122516,0.27455804629122516
-0.8110694116377515,0.0522070430884016,-15.53563204612789,0.6312034627882159,-0.5030935251798555,0.051013845546372165,-9.86190160321354,0.9600119904076738,ms1000,M5_full,0.7,0.0,0.0,83401,8,10425.125,-0.22209565832544362,-1.5303653433412114,0.028710752839955826,-7.735626424130554,False,0.002220956583254436,0.22209565832544362
-0.6479490653589298,0.05313021205286963,-12.195491798793476,0.6312034627882159,-0.3070923261390881,0.05117864248160151,-6.000399995945309,0.9600119904076738,ms1000,M5_full,0.7,0.0,0.001,83401,8,10425.125,-0.12209565832544361,-1.4303653433412113,0.028710752839955826,-4.25261082515144,False,0.002220956583254436,0.22209565832544362
-0.4848287190801081,0.05408947671505215,-8.963457377009322,0.6312034627882159,-0.11109112709832077,0.05135106482407823,-2.163365598725243,0.9600119904076738,ms1000,M5_full,0.7,0.0,0.002,83401,8,10425.125,-0.022095658325443607,-1.3303653433412115,0.028710752839955826,-0.7695952261723279,False,0.002220956583254436,0.22209565832544362
-0.40326854594069733,0.054582053009547306,-7.388299334767767,0.6312034627882159,-0.013090527577937078,0.05144011169334654,-0.2544809322338672,0.9600119904076738,ms1000,M5_full,0.7,0.0,0.0025,83401,8,10425.125,0.027904341674556393,-1.2803653433412114,0.028710752839955826,0.9719125733172285,False,0.002220956583254436,0.22209565832544362
-0.32170837280128656,0.055082951297203114,-5.840434566867908,0.6312034627882159,0.08491007194244658,0.05153103603024499,1.647746260964179,0.9600119904076738,ms1000,M5_full,0.7,0.0,0.003,83401,8,10425.125,0.0779043416745564,-1.2303653433412116,0.028710752839955826,2.7134203728067847,False,0.002220956583254436,0.22209565832544362
-1.1056341223625532,0.060796857011998884,-18.185711839418687,0.5492097103531725,-0.7803845048479081,0.05777098688262138,-13.508242579159795,0.926608280013916,ms1000,M5_full,0.7,0.25,0.0,66115,8,8264.375,-0.36636920517280785,-1.685048778643277,0.031293649667326416,-11.70746170764903,False,0.0036636920517280785,0.36636920517280785
-0.9507131513272359,0.06233541902160958,-15.251572320347375,0.5492097103531725,-0.5877236768465164,0.05848150972380222,-10.049735029451716,0.926608280013916,ms1000,M5_full,0.7,0.25,0.001,66115,8,8264.375,-0.2663692051728078,-1.585048778643277,0.031293649667326416,-8.511925199026017,False,0.0036636920517280785,0.36636920517280785
-0.7957921802919186,0.06389620788834577,-12.45445084444621,0.5492097103531725,-0.39506284884512494,0.059201568140112515,-6.6731821682515,0.926608280013916,ms1000,M5_full,0.7,0.25,0.002,66115,8,8264.375,-0.16636920517280784,-1.4850487786432771,0.031293649667326416,-5.316388690403002,False,0.0036636920517280785,0.36636920517280785
-0.71833169477426,0.06468443549192915,-11.105170653671209,0.5492097103531725,-0.29873243484442896,0.05956506530063371,-5.015228865051723,0.926608280013916,ms1000,M5_full,0.7,0.25,0.0025,66115,8,8264.375,-0.11636920517280784,-1.435048778643277,0.031293649667326416,-3.7186204360914954,False,0.0036636920517280785,0.36636920517280785
-0.6408712092566013,0.06547763416824555,-9.787635387220547,0.5492097103531725,-0.2024020208437332,0.05993081842768081,-3.377261084594965,0.926608280013916,ms1000,M5_full,0.7,0.25,0.003,66115,8,8264.375,-0.06636920517280784,-1.385048778643277,0.031293649667326416,-2.1208521817799886,False,0.0036636920517280785,0.36636920517280785
-1.2273550055411926,0.06141680490582723,-19.98402566566502,0.47979312892500925,-0.8973989507130736,0.06455503448003352,-13.90130077291855,0.8870723416832927,ms1000,M5_full,0.7,0.5,0.0,54140,8,6767.5,-0.4037403029183609,-1.7240302918359838,0.03441892669907705,-11.730182827844754,False,0.004037403029183609,0.4037403029183609
-1.079375692648692,0.0626487535150326,-17.229005081317304,0.47979312892500925,-0.7086917165447444,0.06535853452164582,-10.84313964092992,0.8870723416832927,ms1000,M5_full,0.7,0.5,0.001,54140,8,6767.5,-0.30374030291836085,-1.6240302918359837,0.03441892669907705,-8.824804607475043,False,0.004037403029183609,0.4037403029183609
-0.931396379756191,0.06390056273574042,-14.575714827551101,0.47979312892500925,-0.519984482376415,0.06617596639185819,-7.857603156066491,0.8870723416832927,ms1000,M5_full,0.7,0.5,0.002,54140,8,6767.5,-0.20374030291836087,-1.5240302918359838,0.03441892669907705,-5.919426387105331,False,0.004037403029183609,0.4037403029183609
-0.8574067233099404,0.06453355461871434,-13.286215649762111,0.47979312892500925,-0.42563086529225047,0.0665897467712076,-6.391837871897221,0.8870723416832927,ms1000,M5_full,0.7,0.5,0.0025,54140,8,6767.5,-0.15374030291836088,-1.4740302918359838,0.03441892669907705,-4.466737276920476,False,0.004037403029183609,0.4037403029183609
-0.7834170668636898,0.06517108812741583,-12.020929669488302,0.47979312892500925,-0.33127724820808574,0.06700682021970483,-4.943933276073686,0.8870723416832927,ms1000,M5_full,0.7,0.5,0.003,54140,8,6767.5,-0.10374030291836088,-1.424030291835984,0.03441892669907705,-3.0140481667356203,False,0.004037403029183609,0.4037403029183609
-1.2806877249100344,0.039707066305429826,-32.25339578247573,0.1958216713314674,-1.0451909618076272,0.09771967927470894,-10.695808352679842,0.5369926014797041,ms1000,M5_full,0.7,1.0,0.0,10004,8,1250.5,-0.27344062375049544,-1.4955017992802895,0.03378813328632487,-8.092800553180176,False,0.0027344062375049545,0.27344062375049544
-1.1611055577768874,0.04048351361740027,-28.6809482188283,0.1958216713314674,-0.8914917016596567,0.09860846531628592,-9.040721796046656,0.5369926014797041,ms1000,M5_full,0.7,1.0,0.001,10004,8,1250.5,-0.17344062375049543,-1.3955017992802896,0.03378813328632487,-5.133181590138108,False,0.0027344062375049545,0.27344062375049544
-1.0415233906437409,0.04128680765289892,-25.2265420809451,0.1958216713314674,-0.7377924415116863,0.09955507585416665,-7.410897286567712,0.5369926014797041,ms1000,M5_full,0.7,1.0,0.002,10004,8,1250.5,-0.07344062375049544,-1.2955017992802895,0.03378813328632487,-2.17356262709604,False,0.0027344062375049545,0.27344062375049544
-0.9817323070771674,0.0416980393546285,-23.543848158611194,0.1958216713314674,-0.6609428114377011,0.10004955631914207,-6.606154347445573,0.5369926014797041,ms1000,M5_full,0.7,1.0,0.0025,10004,8,1250.5,-0.023440623750495444,-1.2455017992802895,0.03378813328632487,-0.693753145575006,False,0.0027344062375049545,0.27344062375049544
-0.9219412235105942,0.04211541224605934,-21.8908274748482,0.1958216713314674,-0.5840931813637159,0.10055787789347542,-5.808527323761415,0.5369926014797041,ms1000,M5_full,0.7,1.0,0.003,10004,8,1250.5,0.026559376249504555,-1.1955017992802894,0.03378813328632487,0.786056335946028,False,0.0027344062375049545,0.27344062375049544
-0.7575898030127445,0.05608525871814528,-13.507823986691198,0.6700546267174309,-0.4722553304198072,0.05912163282816235,-7.987860074711101,0.9681830221162759,ms1000,M5_full,0.9,0.0,0.0,30205,8,3775.625,-0.2144843568945544,-1.5209733487833152,0.05874076964518844,-3.651371239942941,False,0.002144843568945544,0.2144843568945544
-0.5905843403410014,0.05637838568114386,-10.475368054721127,0.6700546267174309,-0.2754370282081795,0.05920580279325086,-4.652196494489182,0.9681830221162759,ms1000,M5_full,0.9,0.0,0.001,30205,8,3775.625,-0.11448435689455438,-1.4209733487833154,0.05874076964518844,-1.9489761129463172,False,0.002144843568945544,0.2144843568945544
-0.4235788776692582,0.05669515371480008,-7.471165521484148,0.6700546267174309,-0.07861872599655192,0.05929392788058249,-1.325915297007974,0.9681830221162759,ms1000,M5_full,0.9,0.0,0.002,30205,8,3775.625,-0.014484356894554386,-1.3209733487833153,0.05874076964518844,-0.24658098594969338,False,0.002144843568945544,0.2144843568945544
-0.34007614633338673,0.05686228081678786,-5.980698302080482,0.6700546267174309,0.019790425109261878,0.059339468119337296,0.3335120070416111,0.9681830221162759,ms1000,M5_full,0.9,0.0,0.0025,30205,8,3775.625,0.03551564310544562,-1.2709733487833152,0.05874076964518844,0.6046165775486185,False,0.002144843568945544,0.2144843568945544
-0.2565734149975151,0.05703516891953852,-4.498512406607792,0.6700546267174309,0.11819957621507567,0.05938599048269938,1.9903612830960553,0.9681830221162759,ms1000,M5_full,0.9,0.0,0.003,30205,8,3775.625,0.08551564310544561,-1.2209733487833152,0.05874076964518844,1.4558141410469305,False,0.002144843568945544,0.2144843568945544
-1.0337027728564976,0.0662221498647088,-15.609622686190983,0.5953195171191957,-0.7378852810285146,0.06677664786099154,-11.050049750394257,0.9402505356848525,ms1000,M5_full,0.9,0.25,0.0,24271,8,3033.875,-0.32858143463392575,-1.6431955832062983,0.06601439921112923,-4.97742066216564,False,0.003285814346339258,0.32858143463392575
-0.8741708211445781,0.06687758332992697,-13.071208282632375,0.5953195171191957,-0.5438602274600294,0.06700526140725416,-8.116679437372506,0.9402505356848525,ms1000,M5_full,0.9,0.25,0.001,24271,8,3033.875,-0.22858143463392577,-1.5431955832062982,0.06601439921112923,-3.462599635313953,False,0.003285814346339258,0.32858143463392575
-0.7146388694326585,0.06756400183222255,-10.577213457652737,0.5953195171191957,-0.349835173891544,0.06724043598930987,-5.2027499337922505,0.9402505356848525,ms1000,M5_full,0.9,0.25,0.002,24271,8,3033.875,-0.12858143463392577,-1.4431955832062981,0.06601439921112923,-1.9477786084622657,False,0.003285814346339258,0.32858143463392575
-0.6348728935766987,0.0679185385511268,-9.347564113129256,0.5953195171191957,-0.25282264710730146,0.06736046226885914,-3.7532795736792592,0.9402505356848525,ms1000,M5_full,0.9,0.25,0.0025,24271,8,3033.875,-0.07858143463392578,-1.393195583206298,0.06601439921112923,-1.190368095036422,False,0.003285814346339258,0.32858143463392575
-0.555106917720739,0.06828047090716123,-8.129805057664292,0.5953195171191957,-0.15581012032305885,0.06748210301172387,-2.308910264636973,0.9402505356848525,ms1000,M5_full,0.9,0.25,0.003,24271,8,3033.875,-0.028581434633925772,-1.3431955832062983,0.06601439921112923,-0.43295758161057823,False,0.003285814346339258,0.32858143463392575
-1.153662420382168,0.06591842915080888,-17.501363962160063,0.528015525477707,-0.8236348250286242,0.06814258916244297,-12.086931758128344,0.9063666683259495,ms1000,M5_full,0.9,0.5,0.0,20096,8,2512.0,-0.37492535828025375,-1.69158041401274,0.06624302466068326,-5.6598466057480685,False,0.0037492535828025377,0.37492535828025375
-1.0008608678343973,0.0663281255072072,-15.089539470335913,0.528015525477707,-0.6329981581960294,0.06841040083079691,-9.25295204396854,0.9063666683259495,ms1000,M5_full,0.9,0.5,0.001,20096,8,2512.0,-0.2749253582802538,-1.5915804140127399,0.06624302466068326,-4.150253701253895,False,0.0037492535828025377,0.37492535828025375
-0.8480593152866266,0.06676132140462493,-12.702853949620549,0.528015525477707,-0.4423614913634344,0.06868736778863826,-6.4402160922027125,0.9063666683259495,ms1000,M5_full,0.9,0.5,0.002,20096,8,2512.0,-0.17492535828025377,-1.4915804140127398,0.06624302466068326,-2.6406607967597218,False,0.0037492535828025377,0.37492535828025375
-0.7716585390127412,0.06698659017623115,-11.519597235545643,0.528015525477707,-0.34704315794713697,0.0688292501057476,-5.0420883187590775,0.9063666683259495,ms1000,M5_full,0.9,0.5,0.0025,20096,8,2512.0,-0.12492535828025376,-1.4415804140127397,0.06624302466068326,-1.8858643445126353,False,0.0037492535828025377,0.37492535828025375
-0.6952577627388559,0.06721756250330421,-10.343394447019394,0.528015525477707,-0.2517248245308394,0.06897337974512764,-3.6495938789866464,0.9063666683259495,ms1000,M5_full,0.9,0.5,0.003,20096,8,2512.0,-0.07492535828025376,-1.39158041401274,0.06624302466068326,-1.1310678922655484,False,0.0037492535828025377,0.37492535828025375
-1.2017876489707457,0.10092921955338784,-11.907232160207524,0.2551462621885157,-0.8106204280682545,0.14920092931466983,-5.433078947910764,0.604714169601734,ms1000,M5_full,0.9,1.0,0.0,3692,8,461.5,-0.2663867822318467,-1.477789815817983,0.11279070918066801,-2.3617794778216057,False,0.002663867822318467,0.2663867822318467
-1.0762730227518942,0.10155267205946272,-10.598175320504591,0.2551462621885157,-0.6501490111080812,0.1502133463451997,-4.328170744655392,0.604714169601734,ms1000,M5_full,0.9,1.0,0.001,3692,8,461.5,-0.16638678223184672,-1.377789815817983,0.11279070918066801,-1.4751816301228196,False,0.002663867822318467,0.2663867822318467
-0.9507583965330426,0.10219462308302409,-9.303409199529368,0.2551462621885157,-0.48967759414790785,0.15126565627231986,-3.2372027214581562,0.604714169601734,ms1000,M5_full,0.9,1.0,0.002,3692,8,461.5,-0.0663867822318467,-1.277789815817983,0.11279070918066801,-0.5885837824240332,False,0.002663867822318467,0.2663867822318467
-0.8880010834236168,0.10252242733971705,-8.661530032654683,0.2551462621885157,-0.4094418856678211,0.15180651305003698,-2.6971299020145785,0.604714169601734,ms1000,M5_full,0.9,1.0,0.0025,3692,8,461.5,-0.016386782231846704,-1.227789815817983,0.11279070918066801,-0.14528485857464005,False,0.002663867822318467,0.2663867822318467
-0.825243770314191,0.10285472625820218,-8.023391829778769,0.2551462621885157,-0.32920617718773443,0.1523570324933483,-2.1607547206730158,0.604714169601734,ms1000,M5_full,0.9,1.0,0.003,3692,8,461.5,0.03361321776815329,-1.177789815817983,0.11279070918066801,0.29801406527475316,False,0.002663867822318467,0.2663867822318467
