fold,session_date,side,gate_quantile,queue_ahead_fraction,n_fills,gate_threshold,mean_markout,mean_cross_out,sum_markout,n_unwind_1000,mean_unwind_1000,frac_passive_exit_1000,n_unwind_5000,mean_unwind_5000,frac_passive_exit_5000
0,2026-07-29,passive_buy,0.0,0.0,25023,-inf,-0.0034156575950125305,-0.01655436997961876,-85.46999999999855,25023,-0.008342325060943932,0.6673460416416896,25023,-0.005791471845901731,0.9713063981137353
0,2026-07-29,passive_buy,0.0,0.25,20477,-inf,-0.003767641744396103,-0.01695609708453388,-77.149999999999,20477,-0.009840796991746838,0.5944230111832788,20477,-0.0067500122088196635,0.9491136396933144
0,2026-07-29,passive_buy,0.0,0.5,16205,-inf,-0.003661524220919416,-0.016894168466522697,-59.33499999999914,16205,-0.011002159827213824,0.5151496451712434,16205,-0.007477938907744561,0.908053070040111
0,2026-07-29,passive_buy,0.0,1.0,3276,-inf,-0.002449633699633671,-0.015000000000000008,-8.024999999999906,3276,-0.011984126984126807,0.20512820512820512,3276,-0.00949938949938944,0.5167887667887668
0,2026-07-29,passive_buy,0.3,0.0,16616,-0.00022764126468781038,-0.0033768656716417515,-0.015919595570534475,-56.109999999999346,16616,-0.00789359653346173,0.6624939817043813,16616,-0.005151661049590696,0.9706307173808377
0,2026-07-29,passive_buy,0.3,0.25,14082,-0.00022764126468781038,-0.0038687686408180244,-0.016437295838659327,-54.47999999999942,14082,-0.009551910240022755,0.585996307342707,14082,-0.006348530038346838,0.9473086209345264
0,2026-07-29,passive_buy,0.3,0.5,11333,-0.00022764126468781038,-0.003926144886614237,-0.01654460425306629,-44.49499999999915,11333,-0.01084443660107656,0.5055148680843554,11333,-0.007266390187946751,0.9038207006088415
0,2026-07-29,passive_buy,0.3,1.0,2232,-0.00022764126468781038,-0.0027128136200715984,-0.014574372759856673,-6.054999999999808,2232,-0.01126792114695328,0.21281362007168458,2232,-0.009130824372759727,0.5165770609318996
0,2026-07-29,passive_buy,0.5,0.0,11822,-2.0563681176145247e-05,-0.002906445609879868,-0.015144645576044686,-34.3599999999998,11822,-0.00774995770597197,0.6665538825917781,11822,-0.0052343089155811205,0.9686178311622399
0,2026-07-29,passive_buy,0.5,0.25,10135,-2.0563681176145247e-05,-0.0033285643808583848,-0.01558362111494821,-33.73499999999973,10135,-0.009395165268870347,0.5906265416872225,10135,-0.006551554020720347,0.94583127775037
0,2026-07-29,passive_buy,0.5,0.5,8272,-2.0563681176145247e-05,-0.0031636847195357287,-0.015461798839458401,-26.169999999999547,8272,-0.010463007736944014,0.5080996131528046,8272,-0.007279980657640327,0.9029255319148937
0,2026-07-29,passive_buy,0.5,1.0,1609,-2.0563681176145247e-05,-0.0019577377252950855,-0.013530142945929123,-3.1499999999997925,1609,-0.0108452454940956,0.22001243008079552,1609,-0.008800497203231634,0.528899937849596
0,2026-07-29,passive_buy,0.7,0.0,7583,0.0001662507195843866,-0.0029388104971646875,-0.014874060398259286,-22.284999999999826,7583,-0.007530001318739364,0.6687326915468812,7583,-0.005050771462481891,0.969668996439404
0,2026-07-29,passive_buy,0.7,0.25,6525,0.0001662507195843866,-0.0033931034482758186,-0.015359386973180079,-22.139999999999716,6525,-0.00924291187739476,0.5923371647509579,6525,-0.0063616858237548835,0.948352490421456
0,2026-07-29,passive_buy,0.7,0.5,5397,0.0001662507195843866,-0.0033175838428755903,-0.015378914211599004,-17.90499999999956,5397,-0.010494719288493737,0.5067630164906429,5397,-0.007355938484343257,0.902538447285529
0,2026-07-29,passive_buy,0.7,1.0,1003,0.0001662507195843866,-0.0026420737786640846,-0.01394815553340005,-2.6500000000000767,1003,-0.011046859421734837,0.24227318045862412,1003,-0.009980059820538121,0.5353938185443669
0,2026-07-29,passive_buy,0.9,0.0,3135,0.000434720745395342,-0.0012185007974481001,-0.01277830940988841,-3.8199999999997942,3135,-0.006267942583732109,0.6947368421052632,3135,-0.0037703349282296947,0.9732057416267943
0,2026-07-29,passive_buy,0.9,0.25,2697,0.000434720745395342,-0.0018483500185390489,-0.013381535038932227,-4.984999999999815,2697,-0.007727104189840702,0.625139043381535,2697,-0.004931405265109522,0.9492028179458658
0,2026-07-29,passive_buy,0.9,0.5,2259,0.000434720745395342,-0.0023970783532535666,-0.013953076582558718,-5.414999999999807,2259,-0.00880478087649415,0.5427180168216025,2259,-0.005577689243028055,0.9088092076139885
0,2026-07-29,passive_buy,0.9,1.0,420,0.000434720745395342,-0.0020595238095238314,-0.012833333333333757,-0.8650000000000091,420,-0.008880952380952661,0.32142857142857145,420,-0.0059761904761900485,0.6142857142857143
0,2026-07-29,passive_sell,0.0,0.0,25067,-inf,-0.0021909283121234395,-0.015636893126421185,-54.919999999998254,25067,-0.007936729564766395,0.6964136115211234,25067,-0.005073203813779008,0.9840427653887581
0,2026-07-29,passive_sell,0.0,0.25,20142,-inf,-0.002767103564690603,-0.016263528944494055,-55.734999999998124,20142,-0.009484658921656272,0.6261543044384867,20142,-0.006286366795750179,0.9637573230066527
0,2026-07-29,passive_sell,0.0,0.5,15438,-inf,-0.003225806451612791,-0.016735328410415813,-49.79999999999826,15438,-0.01066653711620683,0.5528565876408861,15438,-0.00699896359632077,0.9370384764865916
0,2026-07-29,passive_sell,0.0,1.0,2950,-inf,-0.0014271186440674333,-0.014149152542372642,-4.209999999998928,2950,-0.011766101694915305,0.23559322033898306,2950,-0.007406779661016991,0.5972881355932204
0,2026-07-29,passive_sell,0.3,0.0,15967,-0.00016625071958438663,-0.0021293918707333743,-0.016251017724055936,-33.99999999999979,15967,-0.008015281518131143,0.6851005198221332,15967,-0.004839982463831603,0.9834658984154819
0,2026-07-29,passive_sell,0.3,0.25,12894,-0.00016625071958438663,-0.0028858383744376796,-0.017097099426089692,-37.20999999999944,12894,-0.009667287110283912,0.6116798510935318,12894,-0.006162556227702818,0.9640142702031953
0,2026-07-29,passive_sell,0.3,0.5,9927,-0.00016625071958438663,-0.0032799435881937537,-0.017550115845673436,-32.55999999999939,9927,-0.010864309459051178,0.5383298075954468,9927,-0.006743225546489395,0.93583157046439
0,2026-07-29,passive_sell,0.3,1.0,1733,-0.00016625071958438663,-0.0012752452394689776,-0.015077899596076097,-2.209999999999738,1733,-0.012458165031736948,0.20253894979803808,1733,-0.007945758799769217,0.5608770917484132
0,2026-07-29,passive_sell,0.5,0.0,11553,2.0563681176145247e-05,-0.0021327793646671897,-0.016655414178135628,-24.640000000000043,11553,-0.008158054185060168,0.6843244179001126,11553,-0.004908681727689725,0.9829481519951527
0,2026-07-29,passive_sell,0.5,0.25,9387,2.0563681176145247e-05,-0.0028970917225950563,-0.017524235645041065,-27.194999999999794,9387,-0.009973367423031879,0.6106317247256845,9387,-0.0062416107382549995,0.9629274528603388
0,2026-07-29,passive_sell,0.5,0.5,7346,2.0563681176145247e-05,-0.0033419548053361635,-0.018024775387966253,-24.549999999999457,7346,-0.011129866594064857,0.5393411380343044,7346,-0.00696841818676829,0.9335692894092023
0,2026-07-29,passive_sell,0.5,1.0,1205,2.0563681176145247e-05,-0.0008630705394189508,-0.015095435684647242,-1.0399999999998357,1205,-0.012207468879668162,0.2024896265560166,1205,-0.006514522821576782,0.5676348547717842
0,2026-07-29,passive_sell,0.7,0.0,7037,0.00022764126468781035,-0.0021450902373170927,-0.017234617024300236,-15.095000000000383,7037,-0.007915304817393809,0.6930510160579793,7037,-0.00453602387380983,0.9836578087253091
0,2026-07-29,passive_sell,0.7,0.25,5761,0.00022764126468781035,-0.002902273910779386,-0.018132268703350177,-16.72000000000004,5761,-0.009704912341607416,0.6236764450616212,5761,-0.005953827460510347,0.9647630619684082
0,2026-07-29,passive_sell,0.7,0.5,4568,0.00022764126468781035,-0.0034862084063046936,-0.01878502626970232,-15.92499999999984,4568,-0.010882224168126193,0.5531961471103327,4568,-0.0066878283712784835,0.9382661996497373
0,2026-07-29,passive_sell,0.7,1.0,718,0.00022764126468781035,-0.0012116991643450342,-0.015835654596100028,-0.8699999999997345,718,-0.012590529247910893,0.201949860724234,718,-0.00607242339832873,0.5738161559888579
0,2026-07-29,passive_sell,0.9,0.0,2129,0.0006098961747873728,-0.004452794739314394,-0.020831376232973445,-9.480000000000345,2129,-0.009051197745420363,0.7045561296383278,2129,-0.0052794739314231875,0.9877876937529356
0,2026-07-29,passive_sell,0.9,0.25,1753,0.0006098961747873728,-0.00496292070735888,-0.021528807758129074,-8.700000000000117,1753,-0.01119794637763826,0.6394751853964632,1753,-0.007564175698802032,0.970907016543069
0,2026-07-29,passive_sell,0.9,0.5,1434,0.0006098961747873728,-0.006230822873082229,-0.022796373779637388,-8.934999999999917,1434,-0.011576011157600962,0.5753138075313807,1434,-0.006910739191073748,0.9511854951185496
0,2026-07-29,passive_sell,0.9,1.0,228,0.0006098961747873728,-0.0016228070175425084,-0.01741228070175329,-0.3699999999996919,228,-0.01140350877192955,0.21052631578947367,228,-0.004473684210525799,0.6096491228070176
1,2026-07-30,passive_buy,0.0,0.0,21150,-inf,-0.0028541371158392827,-0.014503073286052048,-60.36500000000083,21150,-0.008496926713947936,0.7081323877068558,21150,-0.006807092198581498,0.9800945626477542
1,2026-07-30,passive_buy,0.0,0.25,17080,-inf,-0.003495023419203804,-0.015160421545667498,-59.695000000000974,17080,-0.01008782201405152,0.6426229508196721,17080,-0.008134074941451958,0.9644613583138173
1,2026-07-30,passive_buy,0.0,0.5,13469,-inf,-0.0038918999183310244,-0.015543841413616486,-52.42000000000057,13469,-0.011274036676813462,0.5540129185537159,13469,-0.008835845274333676,0.9370406117751875
1,2026-07-30,passive_buy,0.0,1.0,3139,-inf,-0.0023622172666453445,-0.013424657534246435,-7.414999999999736,3139,-0.011927365402994492,0.19432940426887543,3139,-0.00961134119146214,0.6285441223319529
1,2026-07-30,passive_buy,0.3,0.0,15688,-0.000248927982292047,-0.0026227052524222705,-0.013976287608363136,-41.14500000000058,15688,-0.008431285058643536,0.6990693523712391,15688,-0.006724247832738373,0.9789648138704743
1,2026-07-30,passive_buy,0.3,0.25,13005,-0.000248927982292047,-0.0033325643983084206,-0.01473279507881593,-43.34000000000101,13005,-0.01014686658977319,0.6351403306420608,13005,-0.0082475970780469,0.9635524798154556
1,2026-07-30,passive_buy,0.3,0.5,10395,-0.000248927982292047,-0.003760461760461784,-0.015146705146705167,-39.090000000000245,10395,-0.01136123136123143,0.5468975468975469,10395,-0.008962000962000996,0.9362193362193362
1,2026-07-30,passive_buy,0.3,1.0,2327,-0.000248927982292047,-0.001826385904598122,-0.012698753760206209,-4.2499999999998295,2327,-0.011633003867640669,0.20455522131499784,2327,-0.009131929522990908,0.6287064890416846
1,2026-07-30,passive_buy,0.5,0.0,12081,-2.981037511537607e-05,-0.0025933283668570836,-0.013808459564605621,-31.330000000000425,12081,-0.008316364539359288,0.6886019369257512,12081,-0.006543332505587235,0.9772369836934028
1,2026-07-30,passive_buy,0.5,0.25,10082,-2.981037511537607e-05,-0.00337928982344779,-0.014629041856774504,-34.07000000000062,10082,-0.00999702439992065,0.6257686966871653,10082,-0.008002380480063446,0.9624082523308868
1,2026-07-30,passive_buy,0.5,0.5,8130,-2.981037511537607e-05,-0.003931734317343163,-0.015162361623616217,-31.964999999999918,8130,-0.011387453874538794,0.5381303813038131,8130,-0.008977859778597807,0.933210332103321
1,2026-07-30,passive_buy,0.5,1.0,1820,-2.981037511537607e-05,-0.0018571428571425657,-0.012604395604395354,-3.3799999999994697,1820,-0.011241758241758004,0.20824175824175825,1820,-0.009214285714285455,0.628021978021978
1,2026-07-30,passive_buy,0.7,0.0,8338,0.00017313144897891457,-0.0023980570880307987,-0.013420484528664017,-19.9950000000008,8338,-0.00779443511633477,0.6863756296473975,8338,-0.006054209642600058,0.976852962341089
1,2026-07-30,passive_buy,0.7,0.25,6974,0.00017313144897891457,-0.0033416977344423514,-0.014407800401491349,-23.30500000000096,6974,-0.00967593920275307,0.6236019501003728,6974,-0.00775738457126467,0.9604244336105535
1,2026-07-30,passive_buy,0.7,0.5,5704,0.00017313144897891457,-0.00365182328190752,-0.014717741935483919,-20.830000000000496,5704,-0.01095371669004212,0.5387447405329593,5704,-0.008550140252454437,0.9293478260869565
1,2026-07-30,passive_buy,0.7,1.0,1245,0.00017313144897891457,-0.0011646586345378353,-0.011823293172690482,-1.449999999999605,1245,-0.01012048192771061,0.20401606425702812,1245,-0.008096385542168365,0.636144578313253
1,2026-07-30,passive_buy,0.9,0.0,3905,0.00047369002998584586,-0.0025953905249680165,-0.013546734955185684,-10.135000000000105,3905,-0.007708066581305984,0.6901408450704225,3905,-0.005810499359795021,0.9769526248399488
1,2026-07-30,passive_buy,0.9,0.25,3249,0.00047369002998584586,-0.0033594952293014434,-0.014373653431825277,-10.91500000000039,3249,-0.009341335795629409,0.6340412434595261,3249,-0.007374576792859335,0.9606032625423208
1,2026-07-30,passive_buy,0.9,0.5,2661,0.00047369002998584586,-0.0035963923337092364,-0.014577226606538964,-9.570000000000277,2661,-0.010537391957910642,0.5527996993611425,2661,-0.007745208568207467,0.9349868470499813
1,2026-07-30,passive_buy,0.9,1.0,558,0.00047369002998584586,0.0002508960573478495,-0.01053763440860199,0.14000000000010004,558,-0.008799283154121679,0.24014336917562723,558,-0.004946236559139489,0.6469534050179212
1,2026-07-30,passive_sell,0.0,0.0,24202,-inf,-0.0035517725807784318,-0.015630113213783988,-85.95999999999961,24202,-0.009854970663581493,0.6195355755722668,24202,-0.007114701264358292,0.9665730104950004
1,2026-07-30,passive_sell,0.0,0.25,20540,-inf,-0.0040946932814021585,-0.0162059396299903,-84.10500000000033,20540,-0.011435248296007788,0.5367575462512172,20540,-0.00853213242453747,0.9374878286270691
1,2026-07-30,passive_sell,0.0,0.5,16395,-inf,-0.004158584934431245,-0.016292162244586825,-68.18000000000026,16395,-0.012428789265019856,0.4592863677950595,16395,-0.00934248246416588,0.905154010369015
1,2026-07-30,passive_sell,0.0,1.0,4033,-inf,-0.004173072154723541,-0.015618646169104933,-16.83000000000004,4033,-0.013454004463178763,0.1572030746342673,4033,-0.011009174311926497,0.5365732705182247
1,2026-07-30,passive_sell,0.3,0.0,12743,-0.00017313144897891465,-0.00372165110256612,-0.016418425802401337,-47.42500000000007,12743,-0.010114572706584005,0.6146119438122891,12743,-0.0072274974495801616,0.9691595385701954
1,2026-07-30,passive_sell,0.3,0.25,10924,-0.00017313144897891465,-0.0044347308678140416,-0.017178689124862763,-48.44500000000059,10924,-0.011731966312705986,0.5258147198828268,10924,-0.008823690955693865,0.9382094470889784
1,2026-07-30,passive_sell,0.3,0.5,8773,-0.00017313144897891465,-0.004609027698620791,-0.01740111706371826,-40.4350000000002,8773,-0.012861050951783904,0.4448877236977089,8773,-0.010014818192180478,0.9040237091074889
1,2026-07-30,passive_sell,0.3,1.0,1859,-0.00017313144897891465,-0.00469876277568586,-0.016998386229155508,-8.735000000000014,1859,-0.014378698224852073,0.15169445938676707,1859,-0.012942442173211237,0.5266272189349113
1,2026-07-30,passive_sell,0.5,0.0,8550,2.981037511537607e-05,-0.0034695906432748946,-0.016560233918128688,-29.665000000000347,8550,-0.010100584795321648,0.6201169590643275,8550,-0.0069403508771930114,0.971812865497076
1,2026-07-30,passive_sell,0.5,0.25,7316,2.981037511537607e-05,-0.004146391470749094,-0.017293603061782438,-30.335000000000377,7316,-0.011610169491525454,0.534991798797157,7316,-0.008059048660470176,0.9450519409513395
1,2026-07-30,passive_sell,0.5,0.5,5888,2.981037511537607e-05,-0.004307065217391292,-0.017518682065217377,-25.35999999999993,5888,-0.012686820652173908,0.4546535326086957,5888,-0.009300271739130334,0.9120244565217391
1,2026-07-30,passive_sell,0.5,1.0,1137,2.981037511537607e-05,-0.004274406332453925,-0.01715039577836424,-4.860000000000113,1137,-0.014538258575197928,0.158311345646438,1137,-0.01333333333333328,0.5312225153913809
1,2026-07-30,passive_sell,0.7,0.0,4837,0.000248927982292047,-0.003211701467851865,-0.016735579904899617,-15.53499999999947,4837,-0.010430018606574321,0.6235269795327683,4837,-0.007446764523464998,0.9725036179450073
1,2026-07-30,passive_sell,0.7,0.25,4143,0.000248927982292047,-0.0036821144098478733,-0.01727492155442909,-15.25499999999974,4143,-0.011918899348298326,0.5348781076514603,4143,-0.008551774076755956,0.946415640839971
1,2026-07-30,passive_sell,0.7,0.5,3367,0.000248927982292047,-0.0038446688446687285,-0.0175408375408374,-12.94499999999961,3367,-0.013130383130383049,0.4621324621324621,3367,-0.01039501039501026,0.9162459162459162
1,2026-07-30,passive_sell,0.7,1.0,597,0.000248927982292047,-0.003467336683417026,-0.016616415410385166,-2.0699999999999648,597,-0.014790619765494135,0.16415410385259632,597,-0.013299832495812392,0.5644891122278057
1,2026-07-30,passive_sell,0.9,0.0,1446,0.0006444296257327294,-0.0038381742738589388,-0.017766251728907383,-5.550000000000026,1446,-0.01152143845089895,0.6473029045643154,1446,-0.008354080221300028,0.979253112033195
1,2026-07-30,passive_sell,0.9,0.25,1240,0.0006444296257327294,-0.0037661290322581918,-0.01775000000000007,-4.670000000000158,1240,-0.012209677419354678,0.5741935483870968,1240,-0.009080645161290224,0.967741935483871
1,2026-07-30,passive_sell,0.9,0.5,1018,0.0006444296257327294,-0.0037524557956778765,-0.01798624754420429,-3.8200000000000784,1018,-0.013752455795677562,0.5019646365422397,1018,-0.010982318271119668,0.9361493123772102
1,2026-07-30,passive_sell,0.9,1.0,185,0.0006444296257327294,-0.00024324324324363653,-0.013999999999999789,-0.04500000000007276,185,-0.01351351351351336,0.1945945945945946,185,-0.008864864864865098,0.5945945945945946
2,2026-07-31,passive_buy,0.0,0.0,22671,-inf,-0.0024939349830179966,-0.016257333156896557,-56.540000000001,22671,-0.007185391028185713,0.6454060253186891,22671,-0.003941599400114588,0.9526708129328216
2,2026-07-31,passive_buy,0.0,0.25,16073,-inf,-0.0048662353014372545,-0.01881229390904011,-78.215000000001,16073,-0.011015367386299947,0.5893112673427487,16073,-0.00752317551172764,0.9241585267218316
2,2026-07-31,passive_buy,0.0,0.5,12733,-inf,-0.005349485588628101,-0.019348935836016844,-68.11500000000161,12733,-0.012161313123380115,0.5361658682164454,12733,-0.008530589806015745,0.8920914160056546
2,2026-07-31,passive_buy,0.0,1.0,2520,-inf,-0.003315476190476102,-0.016357142857142782,-8.354999999999777,2520,-0.013448412698412456,0.21626984126984128,2520,-0.008357142857142588,0.5543650793650794
2,2026-07-31,passive_buy,0.3,0.0,14641,-0.00024887119045233783,-0.0029048562256676924,-0.01624001092821536,-42.53000000000068,14641,-0.007237210573048221,0.63766136192883,14641,-0.004124035243494206,0.9491837989208387
2,2026-07-31,passive_buy,0.3,0.25,10744,-0.00024887119045233783,-0.0051535740878629974,-0.01867926284437828,-55.37000000000005,10744,-0.011165301563663415,0.5775316455696202,10744,-0.007900223380491395,0.9169769173492182
2,2026-07-31,passive_buy,0.3,0.5,8636,-0.00024887119045233783,-0.005544233441408131,-0.019138490041686076,-47.88000000000062,8636,-0.012555581287633127,0.5223483094025012,8636,-0.009049328392774373,0.8861741547012506
2,2026-07-31,passive_buy,0.3,1.0,1683,-0.00024887119045233783,-0.004087938205585185,-0.01673796791443837,-6.8799999999998676,1683,-0.013606654783125163,0.22578728461081402,1683,-0.007712418300653319,0.5656565656565656
2,2026-07-31,passive_buy,0.5,0.0,10789,-4.070215200725618e-05,-0.0020752618407637964,-0.015165446287885876,-22.390000000000597,10789,-0.006570581147464926,0.64352581332839,10789,-0.003774214477708676,0.9475391602558161
2,2026-07-31,passive_buy,0.5,0.25,7906,-4.070215200725618e-05,-0.004328358208955256,-0.017603086263597297,-34.220000000000255,7906,-0.010277004806476042,0.5846192764988616,7906,-0.0073248165949910665,0.913862888945105
2,2026-07-31,passive_buy,0.5,0.5,6427,-4.070215200725618e-05,-0.004689590788859583,-0.018033297028162535,-30.14000000000054,6427,-0.011545044344172943,0.5305741403454177,6427,-0.008290026450910142,0.8845495565582698
2,2026-07-31,passive_buy,0.5,1.0,1245,-4.070215200725618e-05,-0.003670682730923518,-0.016008032128513792,-4.56999999999978,1245,-0.01315662650602375,0.25542168674698795,1245,-0.008032128514055905,0.5927710843373494
2,2026-07-31,passive_buy,0.7,0.0,7186,0.0001522447897470864,-0.001321319231839772,-0.014191483440022351,-9.495000000000601,7186,-0.006308099081547346,0.6539103812969663,7186,-0.0036557194544947122,0.9487893125521848
2,2026-07-31,passive_buy,0.7,0.25,5258,0.0001522447897470864,-0.003430011411183032,-0.016453023963484276,-18.03500000000038,5258,-0.009847850893875937,0.599657664511221,5258,-0.007130087485735942,0.9163179916317992
2,2026-07-31,passive_buy,0.7,0.5,4300,0.0001522447897470864,-0.0039011627906978276,-0.017013953488372237,-16.77500000000066,4300,-0.011288372093023207,0.543953488372093,4300,-0.008234883720930241,0.8846511627906977
2,2026-07-31,passive_buy,0.7,1.0,826,0.0001522447897470864,-0.003256658595641592,-0.01533898305084733,-2.689999999999955,826,-0.012627118644067478,0.2820823244552058,826,-0.007578692493946566,0.6162227602905569
2,2026-07-31,passive_buy,0.9,0.0,3174,0.0004479765376182054,-0.002142407057340876,-0.014729048519218633,-6.79999999999994,3174,-0.005957781978575727,0.6991178323881537,3174,-0.0036988027725264917,0.9546313799621928
2,2026-07-31,passive_buy,0.9,0.25,2372,0.0004479765376182054,-0.0037457841483979066,-0.016349072512647455,-8.884999999999835,2372,-0.009266441821247768,0.6538785834738617,2372,-0.006960370994940848,0.9295952782462057
2,2026-07-31,passive_buy,0.9,0.5,1954,0.0004479765376182054,-0.004314227226202694,-0.01694984646878202,-8.430000000000064,1954,-0.010680655066530102,0.6079836233367452,1954,-0.007911975435005079,0.9058341862845445
2,2026-07-31,passive_buy,0.9,1.0,390,0.0004479765376182054,-0.0049871794871794335,-0.01641025641025628,-1.944999999999979,390,-0.01294871794871754,0.35384615384615387,390,-0.004846153846153556,0.6846153846153846
2,2026-07-31,passive_sell,0.0,0.0,20434,-inf,-0.0011524909464617208,-0.015273074287951419,-23.549999999998803,20434,-0.007445923460898484,0.6741215621023784,20434,-0.004169521385925382,0.9757756680043066
2,2026-07-31,passive_sell,0.0,0.25,15857,-inf,-0.0024333102100018308,-0.01668159172605154,-38.58499999999903,15857,-0.011203884719682127,0.5658699627924576,15857,-0.007384120577662873,0.9286750331084064
2,2026-07-31,passive_sell,0.0,0.5,12706,-inf,-0.0028384227923814722,-0.01711081378876116,-36.06499999999899,12706,-0.012590901936093132,0.4944907917519282,12706,-0.008322839603336993,0.8861954981898316
2,2026-07-31,passive_sell,0.0,1.0,2755,-inf,-0.0011143375680579036,-0.014145190562613342,-3.069999999999524,2755,-0.012823956442831061,0.17785843920145192,2755,-0.008805807622504363,0.5063520871143375
2,2026-07-31,passive_sell,0.3,0.0,11992,-0.00015224478974708647,-0.0006287525016677471,-0.015518679119412957,-7.539999999999623,11992,-0.007957805203468966,0.6681954636424283,11992,-0.004398765843895876,0.9782354903268846
2,2026-07-31,passive_sell,0.3,0.25,9282,-0.00015224478974708647,-0.002014113337642747,-0.01707067442361565,-18.69499999999998,9282,-0.011874595992243024,0.563887093298858,9282,-0.007776341305753076,0.9335272570566688
2,2026-07-31,passive_sell,0.3,0.5,7489,-0.00015224478974708647,-0.0022726665776472057,-0.01737481639738287,-17.019999999999925,7489,-0.013097876886099613,0.4919214848444385,7489,-0.008585926024836417,0.8975831219121378
2,2026-07-31,passive_sell,0.3,1.0,1386,-0.00015224478974708647,-0.0008261183261181694,-0.014927849927849788,-1.1449999999997829,1386,-0.01382395382395376,0.15512265512265513,1386,-0.010093795093795101,0.5050505050505051
2,2026-07-31,passive_sell,0.5,0.0,8548,4.070215200725618e-05,-0.001061651848385551,-0.016397987833411343,-9.07499999999969,8548,-0.007882545624707464,0.6752456715021058,8548,-0.004133130556855306,0.9782405240992045
2,2026-07-31,passive_sell,0.5,0.25,6647,4.070215200725618e-05,-0.0027102452234089927,-0.01819768316533774,-18.014999999999574,6647,-0.011922671882051955,0.5715360312923123,6647,-0.007621483375959019,0.9386189258312021
2,2026-07-31,passive_sell,0.5,0.5,5426,4.070215200725618e-05,-0.002843715444157661,-0.018374493180980427,-15.429999999999467,5426,-0.013120162182086156,0.4981570217471434,5426,-0.00829524511610754,0.9045337265020272
2,2026-07-31,passive_sell,0.5,1.0,931,4.070215200725618e-05,-0.0015252416756173577,-0.016068743286788287,-1.4199999999997601,931,-0.014747583243823637,0.16219119226638024,931,-0.01119226638023611,0.5091299677765844
2,2026-07-31,passive_sell,0.7,0.0,5324,0.0002488711904523378,-0.0013749060856499153,-0.017036063110443374,-7.3200000000001495,5324,-0.007947032306536359,0.6825694966190834,5324,-0.0042524417731028795,0.981404958677686
2,2026-07-31,passive_sell,0.7,0.25,4157,0.0002488711904523378,-0.0033040654318017867,-0.019158046668270458,-13.735000000000028,4157,-0.01233341351936481,0.5785422179456339,4157,-0.007827760404137539,0.9432282896319462
2,2026-07-31,passive_sell,0.7,0.5,3428,0.0002488711904523378,-0.003432030338389707,-0.01931738623103855,-11.764999999999915,3428,-0.013698949824970648,0.501458576429405,3428,-0.008990665110851712,0.9084014002333722
2,2026-07-31,passive_sell,0.7,1.0,556,0.0002488711904523378,-0.0017805755395677483,-0.016618705035970766,-0.989999999999668,556,-0.014244604316546306,0.19424460431654678,556,-0.014208633093524806,0.5665467625899281
2,2026-07-31,passive_sell,0.9,0.0,1792,0.0006248064981540022,-0.0033035714285713186,-0.019341517857142772,-5.919999999999803,1792,-0.008175223214285448,0.7131696428571429,1792,-0.004626116071428337,0.9838169642857143
2,2026-07-31,passive_sell,0.9,0.25,1422,0.0006248064981540022,-0.005158227848101202,-0.0213853727144866,-7.3349999999999085,1422,-0.013614627285513102,0.6167369901547117,1422,-0.009437412095639745,0.9486638537271449
2,2026-07-31,passive_sell,0.9,0.5,1176,0.0006248064981540022,-0.004991496598639387,-0.021403061224489737,-5.869999999999919,1176,-0.015238095238094853,0.5348639455782312,1176,-0.0110799319727889,0.9158163265306123
2,2026-07-31,passive_sell,0.9,1.0,183,0.0006248064981540022,-0.0024863387978132667,-0.017049180327868296,-0.45499999999982776,183,-0.015300546448086639,0.25136612021857924,183,-0.015901639344261424,0.6229508196721312
3,2026-08-03,passive_buy,0.0,0.0,17611,-inf,-0.0007966611776729873,-0.012870932939639958,-14.029999999998978,17611,-0.006428936460167028,0.6185906535687923,17611,-0.003211061268525405,0.9561637612855601
3,2026-08-03,passive_buy,0.0,0.25,12895,-inf,-0.0027425358666149017,-0.014970143466459824,-35.364999999999156,12895,-0.00975882124854604,0.5556417215975185,12892,-0.006210052745888895,0.9289481849208812
3,2026-08-03,passive_buy,0.0,0.5,9809,-inf,-0.0028998878580894856,-0.015138138444285864,-28.444999999999766,9809,-0.010685085125904896,0.4866958915281884,9806,-0.00682337344482969,0.8893534570671018
3,2026-08-03,passive_buy,0.0,1.0,2013,-inf,-0.0015176353700939945,-0.012727272727272355,-3.054999999999211,2013,-0.010958768007948393,0.17585692995529062,2010,-0.006169154228855865,0.5199004975124378
3,2026-08-03,passive_buy,0.3,0.0,12257,-0.000227862320296404,-0.0006571754915557442,-0.012388839030757853,-8.054999999998756,12257,-0.006159745451578772,0.6127926898914906,12257,-0.0028489842538957774,0.953251203393979
3,2026-08-03,passive_buy,0.3,0.25,9157,-0.000227862320296404,-0.002663536092606628,-0.014593207382330371,-24.389999999998892,9157,-0.009546794801791087,0.5475592442939827,9155,-0.0059912616056799605,0.9257236482796286
3,2026-08-03,passive_buy,0.3,0.5,7056,-0.000227862320296404,-0.0031356292517005814,-0.015045351473922847,-22.124999999999304,7056,-0.010517290249433247,0.4793083900226757,7054,-0.006592004536433239,0.8826197901899632
3,2026-08-03,passive_buy,0.3,1.0,1401,-0.000227862320296404,-0.0017237687366161286,-0.012662384011419898,-2.4149999999991962,1401,-0.01053533190578175,0.17844396859386152,1400,-0.005707142857143026,0.5142857142857142
3,2026-08-03,passive_buy,0.5,0.0,9007,-4.275297896168937e-05,-0.0006633729321637647,-0.012183857000110977,-5.974999999999028,9007,-0.006190740535139471,0.6156322859997779,9007,-0.0029754635283668887,0.9553680470744976
3,2026-08-03,passive_buy,0.5,0.25,6755,-4.275297896168937e-05,-0.002568467801628227,-0.014307920059215292,-17.349999999998673,6755,-0.00934270910436727,0.5504071058475204,6753,-0.005689323263734634,0.9284762327854287
3,2026-08-03,passive_buy,0.5,0.5,5309,-4.275297896168937e-05,-0.0032642682237707674,-0.014957619137313919,-17.329999999999004,5309,-0.01033339611979672,0.48125824072330003,5307,-0.006191822121726035,0.8865649142641794
3,2026-08-03,passive_buy,0.5,1.0,1063,-4.275297896168937e-05,-0.0026999059266222753,-0.013396048918155776,-2.8699999999994787,1063,-0.011015992474129975,0.19379115710253997,1063,-0.004506114769520245,0.5268109125117592
3,2026-08-03,passive_buy,0.7,0.0,5940,0.00012676962584072342,-0.00020538720538706883,-0.0117003367003366,-1.2199999999991888,5940,-0.005727272727272879,0.6223905723905724,5940,-0.002668350168350313,0.9553872053872053
3,2026-08-03,passive_buy,0.7,0.25,4473,0.00012676962584072342,-0.002098144422087834,-0.013805052537446714,-9.384999999998882,4473,-0.008973843058350275,0.5539906103286385,4471,-0.0053567434578395,0.9282039812122568
3,2026-08-03,passive_buy,0.7,0.5,3549,0.00012676962584072342,-0.0029783037475342626,-0.014612566920259057,-10.569999999999098,3549,-0.010078895463511052,0.4815440969287123,3547,-0.005796447702283708,0.887510572314632
3,2026-08-03,passive_buy,0.7,1.0,722,0.00012676962584072342,-0.003213296398891406,-0.013642659279777933,-2.3199999999995953,722,-0.01088642659279794,0.2077562326869806,722,-0.004072022160664856,0.53601108033241
3,2026-08-03,passive_buy,0.9,0.0,2432,0.0003967827152445102,0.0001089638157898362,-0.011521381578946993,0.26500000000088164,2432,-0.005238486842105466,0.6583059210526315,2432,-0.0023396381578948996,0.9650493421052632
3,2026-08-03,passive_buy,0.9,0.25,1892,0.0003967827152445102,-0.0013292811839318813,-0.013144820295982634,-2.5149999999991195,1892,-0.008017970401691612,0.5861522198731501,1891,-0.004648334214701393,0.9349550502379693
3,2026-08-03,passive_buy,0.9,0.5,1521,0.0003967827152445102,-0.002491781722550528,-0.014319526627218544,-3.7899999999993526,1521,-0.009270216962524969,0.5239973701512163,1520,-0.0054013157894738486,0.8993421052631579
3,2026-08-03,passive_buy,0.9,1.0,300,0.0003967827152445102,-0.0033333333333325755,-0.013899999999999413,-0.9999999999997726,300,-0.00956666666666687,0.29,300,0.0004000000000001099,0.6666666666666666
3,2026-08-03,passive_sell,0.0,0.0,18419,-inf,-0.0019417449372930707,-0.014309137303871074,-35.765000000001066,18419,-0.0067609533633748034,0.6293501275856452,18419,-0.003685324936207214,0.9569466311960476
3,2026-08-03,passive_sell,0.0,0.25,14932,-inf,-0.002856616662202018,-0.015294669166889952,-42.65500000000053,14932,-0.0100214304848647,0.5135949638360567,14932,-0.0070566568443611215,0.9027591749263327
3,2026-08-03,passive_sell,0.0,0.5,12010,-inf,-0.002985845129059109,-0.015481265611990019,-35.8599999999999,12010,-0.011139050791007467,0.43688592839300583,12010,-0.00853955037468773,0.8452123230641132
3,2026-08-03,passive_sell,0.0,1.0,2863,-inf,-0.0013482361159626495,-0.013003842123646914,-3.8600000000010652,2863,-0.01220398183723369,0.14425427872860636,2863,-0.010953545232273779,0.43730352776807546
3,2026-08-03,passive_sell,0.3,0.0,10189,-0.00012676962584072358,-0.0016257728923349266,-0.01440867602316229,-16.565000000000566,10189,-0.006409853763863033,0.6278339385611934,10189,-0.002905093728530864,0.9585827853567573
3,2026-08-03,passive_sell,0.3,0.25,8244,-0.00012676962584072358,-0.0027480591945657795,-0.015601649684619155,-22.655000000000285,8244,-0.009853226589034435,0.5010917030567685,8244,-0.006288209606986927,0.9016254245511888
3,2026-08-03,passive_sell,0.3,0.5,6604,-0.00012676962584072358,-0.0029974258025438957,-0.015866141732283456,-19.794999999999888,6604,-0.010838885523924898,0.4251968503937008,6604,-0.007878558449424634,0.8452453058752272
3,2026-08-03,passive_sell,0.3,1.0,1382,-0.00012676962584072358,-0.00165701881331396,-0.013748191027496201,-2.2899999999998926,1382,-0.012380607814760886,0.12445730824891461,1382,-0.011526772793053273,0.43342981186685964
3,2026-08-03,passive_sell,0.5,0.0,6988,4.275297896168937e-05,-0.0019218660560962064,-0.01509444762449921,-13.430000000000291,6988,-0.006345163136806001,0.6350887235260446,6988,-0.002637378362907906,0.9596451058958214
3,2026-08-03,passive_sell,0.5,0.25,5675,4.275297896168937e-05,-0.0032264317180616645,-0.01647048458149781,-18.309999999999945,5675,-0.010169162995594727,0.5048458149779735,5675,-0.00645462555066077,0.905022026431718
3,2026-08-03,passive_sell,0.5,0.5,4594,4.275297896168937e-05,-0.0037864606007835494,-0.017033086634740936,-17.394999999999627,4594,-0.011349586417065797,0.4305616020896822,4594,-0.008245537657814559,0.8500217675228559
3,2026-08-03,passive_sell,0.5,1.0,877,4.275297896168937e-05,-0.0031128848346636145,-0.015678449258836904,-2.7299999999999898,877,-0.014070695553021506,0.13568985176738882,877,-0.011288483466362347,0.4583808437856328
3,2026-08-03,passive_sell,0.7,0.0,4033,0.00022786232029640396,-0.002544011901810093,-0.01603272997768414,-10.260000000000105,4033,-0.006501363749070195,0.6407141086040169,4033,-0.0028068435407885037,0.9608232085296305
3,2026-08-03,passive_sell,0.7,0.25,3256,0.00022786232029640396,-0.0040402334152334195,-0.01760749385749384,-13.155000000000015,3256,-0.010414619164619164,0.5205773955773956,3256,-0.0071191646191646,0.9121621621621622
3,2026-08-03,passive_sell,0.7,0.5,2684,0.00022786232029640396,-0.004638599105812089,-0.018155737704917924,-12.449999999999648,2684,-0.011739940387481395,0.4444858420268256,2684,-0.00916542473919526,0.8543219076005961
3,2026-08-03,passive_sell,0.7,1.0,474,0.00022786232029640396,-0.003776371308016801,-0.016561181434599056,-1.7899999999999636,474,-0.01457805907172989,0.17088607594936708,474,-0.012869198312236185,0.4978902953586498
3,2026-08-03,passive_sell,0.9,0.0,1294,0.0005581864053284894,-0.0010587326120557218,-0.015054095826893385,-1.370000000000104,1294,-0.004822256568778954,0.6591962905718701,1294,-0.0009582689335394746,0.9621329211746522
3,2026-08-03,passive_sell,0.9,0.25,1070,0.0005581864053284894,-0.0020981308411215926,-0.01614953271028043,-2.245000000000104,1070,-0.007523364485981253,0.5532710280373832,1070,-0.00370093457943926,0.9102803738317757
3,2026-08-03,passive_sell,0.9,0.5,904,0.0005581864053284894,-0.00195796460176997,-0.015962389380531003,-1.7700000000000529,904,-0.009535398230088532,0.46349557522123896,904,-0.005884955752212413,0.8683628318584071
3,2026-08-03,passive_sell,0.9,1.0,166,0.0005581864053284894,-0.003403614457830798,-0.01632530120481864,-0.5649999999999125,166,-0.011566265060240546,0.1927710843373494,166,-0.011566265060240975,0.5301204819277109
4,2026-08-04,passive_buy,0.0,0.0,18155,-inf,-0.0018843293858440986,-0.013520242357477232,-34.20999999999961,18155,-0.008057835307077897,0.6100247865601762,18155,-0.005601211787386384,0.964472597080694
4,2026-08-04,passive_buy,0.0,0.25,13953,-inf,-0.003412886117680744,-0.01504694330968244,-47.61999999999942,13953,-0.011007668601734308,0.5224682863900236,13953,-0.008305740700924479,0.9411596072529205
4,2026-08-04,passive_buy,0.0,0.5,11186,-inf,-0.003808331843375573,-0.015461290899338351,-42.599999999999156,11186,-0.012284999106025284,0.4595029501162167,11184,-0.009312410586552146,0.9088876967095851
4,2026-08-04,passive_buy,0.0,1.0,2768,-inf,-0.003495303468208004,-0.014169075144508565,-9.674999999999756,2768,-0.012763728323699325,0.17991329479768786,2767,-0.011095048789302295,0.5565594506685941
4,2026-08-04,passive_buy,0.3,0.0,12598,-0.0001762811455040065,-0.0015843784727733981,-0.013052865534211684,-19.95999999999927,12598,-0.0075496110493728456,0.6075567550404826,12598,-0.005014287982219392,0.9630100015875536
4,2026-08-04,passive_buy,0.3,0.25,9909,-0.0001762811455040065,-0.003126450701382516,-0.01459178524573612,-30.97999999999935,9909,-0.0105459683116358,0.5186194368755677,9909,-0.00783328287415475,0.9397517408416591
4,2026-08-04,passive_buy,0.3,0.5,7957,-0.0001762811455040065,-0.003439110217418519,-0.014917682543672105,-27.364999999999156,7957,-0.011617443760210993,0.4556993841900214,7955,-0.008556882463859064,0.9094908862350722
4,2026-08-04,passive_buy,0.3,1.0,1831,-0.0001762811455040065,-0.003913162206444538,-0.014440196613872247,-7.164999999999949,1831,-0.01307482250136542,0.17859093391589295,1830,-0.010546448087431553,0.5557377049180328
4,2026-08-04,passive_buy,0.5,0.0,9339,-4.908144876000223e-06,-0.0014182460648890715,-0.012800085662276316,-13.244999999999038,9339,-0.007209551343826857,0.6115215761858871,9339,-0.004524038976335778,0.9642359995716886
4,2026-08-04,passive_buy,0.5,0.25,7375,-4.908144876000223e-06,-0.002919999999999874,-0.014276610169491348,-21.534999999999073,7375,-0.010284745762711755,0.5251525423728813,7375,-0.007534915254237246,0.9396610169491525
4,2026-08-04,passive_buy,0.5,0.5,6003,-4.908144876000223e-06,-0.0032292187239711593,-0.014621022821922128,-19.38499999999887,6003,-0.011257704481092621,0.4642678660669665,6001,-0.008181969671721218,0.9120146642226296
4,2026-08-04,passive_buy,0.5,1.0,1365,-4.908144876000223e-06,-0.003249084249084157,-0.013545787545787552,-4.434999999999874,1365,-0.012315018315018349,0.1934065934065934,1364,-0.010982404692081948,0.5799120234604106
4,2026-08-04,passive_buy,0.7,0.0,6325,0.00014280958882734654,-0.0011098814229248534,-0.0124189723320157,-7.019999999999698,6325,-0.006988142292490054,0.6262450592885376,6325,-0.004423715415019741,0.9669565217391304
4,2026-08-04,passive_buy,0.7,0.25,5007,0.00014280958882734654,-0.0024355901737566398,-0.013736768524066155,-12.194999999999496,5007,-0.009954064309965944,0.5440383463151588,5007,-0.00732174955062909,0.9436788496105453
4,2026-08-04,passive_buy,0.7,0.5,4137,0.00014280958882734654,-0.0025259850132945626,-0.013836113125453063,-10.449999999999605,4137,-0.010836354846507006,0.4815083393763597,4135,-0.008210399032648027,0.9163240628778718
4,2026-08-04,passive_buy,0.7,1.0,910,0.00014280958882734654,-0.002335164835164929,-0.012450549450549667,-2.1250000000000853,910,-0.011230769230769214,0.21978021978021978,909,-0.011529152915291361,0.592959295929593
4,2026-08-04,passive_buy,0.9,0.0,2518,0.0003856954550316157,0.0016719618745035605,-0.009785544082605336,4.209999999999965,2518,-0.005436854646544915,0.6743447180301827,2518,-0.002823669579030943,0.977760127084988
4,2026-08-04,passive_buy,0.9,0.25,1973,0.0003856954550316157,0.00031170805879377736,-0.011130258489609732,0.6150000000001228,1973,-0.008758236188545342,0.6026355803345159,1973,-0.0062595032944753074,0.9548910288900152
4,2026-08-04,passive_buy,0.9,0.5,1610,0.0003856954550316157,0.0006552795031056472,-0.01078881987577643,1.055000000000092,1610,-0.00949689440993791,0.5409937888198758,1608,-0.007356965174129264,0.9253731343283582
4,2026-08-04,passive_buy,0.9,1.0,333,0.0003856954550316157,-0.0006756756756757439,-0.010450450450450548,-0.22500000000002274,333,-0.009819819819819808,0.2732732732732733,332,-0.012469879518072035,0.6897590361445783
4,2026-08-04,passive_sell,0.0,0.0,18546,-inf,-0.0033902189151300216,-0.014979510406556753,-62.87500000000138,18546,-0.008529062870699844,0.5682087781731909,18546,-0.00591933570581255,0.9481828965814731
4,2026-08-04,passive_sell,0.0,0.25,15196,-inf,-0.004699262963937943,-0.016268754935509423,-71.41000000000099,15196,-0.011560937088707498,0.46176625427744145,15196,-0.009182679652540028,0.8943801000263227
4,2026-08-04,passive_sell,0.0,0.5,12602,-inf,-0.005143231233137658,-0.016699730201555397,-64.81500000000077,12602,-0.01270353912077446,0.39374702428186004,12602,-0.01011902872559907,0.8425646722742421
4,2026-08-04,passive_sell,0.0,1.0,3358,-inf,-0.004309112567004122,-0.014937462775461634,-14.469999999999843,3358,-0.01390708755211452,0.1375818939845146,3357,-0.013238010128090581,0.4590408102472446
4,2026-08-04,passive_sell,0.3,0.0,9086,-0.0001428095888273466,-0.002838983050847547,-0.014815100154083282,-25.79500000000081,9086,-0.00870019810697771,0.5627338762931984,9086,-0.005674664318732063,0.9487123046445081
4,2026-08-04,passive_sell,0.3,0.25,7315,-0.0001428095888273466,-0.004073137388926935,-0.01602870813397132,-29.795000000000528,7315,-0.012054682159945198,0.4533151059466849,7315,-0.009357484620642304,0.8911825017088175
4,2026-08-04,passive_sell,0.3,0.5,6071,-0.0001428095888273466,-0.004318069510789023,-0.0162526766595289,-26.21500000000016,6071,-0.0130571569757864,0.3818151869543733,6071,-0.010197661011365393,0.8369296656234557
4,2026-08-04,passive_sell,0.3,1.0,1400,-0.0001428095888273466,-0.004685714285714409,-0.015864285714285907,-6.560000000000173,1400,-0.014742857142857224,0.125,1400,-0.013821428571428608,0.43142857142857144
4,2026-08-04,passive_sell,0.5,0.0,5900,4.908144876000223e-06,-0.003175423728813559,-0.015332203389830462,-18.735,5900,-0.00886271186440669,0.571864406779661,5900,-0.005755932203389743,0.9520338983050848
4,2026-08-04,passive_sell,0.5,0.25,4704,4.908144876000223e-06,-0.004544005102040747,-0.016719812925169924,-21.374999999999673,4704,-0.012017431972788975,0.467687074829932,4704,-0.00940901360544195,0.8977465986394558
4,2026-08-04,passive_sell,0.5,0.5,3904,4.908144876000223e-06,-0.004912909836065466,-0.01711321721311458,-19.17999999999958,3904,-0.013329918032786726,0.3949795081967213,3904,-0.010658299180327752,0.8460553278688525
4,2026-08-04,passive_sell,0.5,1.0,805,4.908144876000223e-06,-0.004925465838509162,-0.01653416149068303,-3.9649999999998755,805,-0.015267080745341482,0.13291925465838508,805,-0.014496894409937679,0.4509316770186335
4,2026-08-04,passive_sell,0.7,0.0,3202,0.00017628114550400636,-0.004247345409119241,-0.016623985009369093,-13.59999999999981,3202,-0.009103685196751877,0.5805746408494691,3202,-0.006149281698938003,0.9553404122423486
4,2026-08-04,passive_sell,0.7,0.25,2545,0.00017628114550400636,-0.005872298624754306,-0.018349705304518554,-14.944999999999709,2545,-0.012825147347740507,0.4719056974459725,2545,-0.010793713163064553,0.899803536345776
4,2026-08-04,passive_sell,0.7,0.5,2120,0.00017628114550400636,-0.006320754716980994,-0.018749999999999874,-13.399999999999707,2120,-0.01410849056603756,0.41132075471698115,2120,-0.012316037735848903,0.8547169811320755
4,2026-08-04,passive_sell,0.7,1.0,393,0.00017628114550400636,-0.008282442748091808,-0.020279898218829678,-3.2550000000000807,393,-0.018575063613231472,0.15776081424936386,393,-0.020559796437658956,0.46564885496183206
4,2026-08-04,passive_sell,0.9,0.0,1057,0.0004956185281788264,-0.006239356669820191,-0.018249763481551454,-6.594999999999942,1057,-0.009763481551560881,0.6149479659413434,1057,-0.006679280983916761,0.9687795648060549
4,2026-08-04,passive_sell,0.9,0.25,861,0.0004956185281788264,-0.007276422764227478,-0.01937282229965136,-6.2649999999998585,861,-0.012706155632984717,0.5272938443670151,861,-0.01106852497096393,0.9256678281068524
4,2026-08-04,passive_sell,0.9,0.5,737,0.0004956185281788264,-0.007910447761193758,-0.019972862957937324,-5.829999999999799,737,-0.014477611940298432,0.4559023066485753,737,-0.013202170963365307,0.8724559023066486
4,2026-08-04,passive_sell,0.9,1.0,134,0.0004956185281788264,-0.010373134328358638,-0.021567164179104908,-1.3900000000000574,134,-0.016641791044776255,0.20149253731343283,134,-0.018358208955223835,0.5447761194029851
5,2026-08-05,passive_buy,0.0,0.0,18765,-inf,-0.0024455102584599155,-0.015904076738609215,-45.89000000000031,18765,-0.008980015987210243,0.5383426592059686,18765,-0.0053621103117505765,0.9316813216093791
5,2026-08-05,passive_buy,0.0,0.25,13612,-inf,-0.004371877754922191,-0.017862180429033363,-59.51000000000087,13612,-0.01206582427270054,0.4552600646488393,13611,-0.008202924105502838,0.8839174197340387
5,2026-08-05,passive_buy,0.0,0.5,11199,-inf,-0.004821412626127407,-0.018254308420394813,-53.99500000000083,11199,-0.012959192785070102,0.3955710331279578,11197,-0.009197999464142284,0.8271858533535769
5,2026-08-05,passive_buy,0.0,1.0,2720,-inf,-0.002356617647058775,-0.014437500000000072,-6.409999999999869,2720,-0.012753676470588376,0.11801470588235294,2720,-0.011220588235294012,0.38786764705882354
5,2026-08-05,passive_buy,0.3,0.0,11959,-0.00020384282991038895,-0.0017146082448365612,-0.014735345764696199,-20.505000000000436,11959,-0.008283301279371259,0.5351618028263233,11959,-0.004578978175432745,0.9306798227276528
5,2026-08-05,passive_buy,0.3,0.25,8962,-0.00020384282991038895,-0.003669939745592627,-0.01674403035036849,-32.89000000000112,8962,-0.011538719035929587,0.45280071412631107,8961,-0.007914295279544696,0.8808168731168396
5,2026-08-05,passive_buy,0.3,0.5,7437,-0.00020384282991038895,-0.00414078257361853,-0.017173591501949966,-30.79500000000101,7437,-0.012436466317063445,0.3931692886916768,7435,-0.008941492938803051,0.8221923335574983
5,2026-08-05,passive_buy,0.3,1.0,1732,-0.00020384282991038895,-0.0023960739030023047,-0.01421478060046209,-4.1499999999999915,1732,-0.012453810623556882,0.1258660508083141,1732,-0.010386836027713515,0.3972286374133949
5,2026-08-05,passive_buy,0.5,0.0,8343,-3.893548001042892e-05,-0.0019105837228815628,-0.014776459307203855,-15.940000000000879,8343,-0.007925206760158333,0.5464461224979025,8343,-0.004384513963802017,0.9304806424547525
5,2026-08-05,passive_buy,0.5,0.25,6266,-3.893548001042892e-05,-0.0038062559846794176,-0.01675390999042484,-23.85000000000123,6266,-0.01135812320459636,0.46377274178104055,6265,-0.007848363926576209,0.8817238627294494
5,2026-08-05,passive_buy,0.5,0.5,5276,-3.893548001042892e-05,-0.0041868840030328406,-0.017077331311600052,-22.090000000001268,5276,-0.01227255496588342,0.40181956027293403,5274,-0.008710656048540105,0.8229048160788776
5,2026-08-05,passive_buy,0.5,1.0,1160,-3.893548001042892e-05,-0.0027112068965516596,-0.014396551724138056,-3.144999999999925,1160,-0.012568965517241697,0.13620689655172413,1160,-0.010939655172413656,0.4043103448275862
5,2026-08-05,passive_buy,0.7,0.0,5279,0.00010419119275277264,-0.0024758476984279116,-0.01523584012123538,-13.070000000000945,5279,-0.008103807539306876,0.5658268611479447,5279,-0.004697859443076421,0.9350255730251942
5,2026-08-05,passive_buy,0.7,0.25,3999,0.00010419119275277264,-0.004621155288822448,-0.01746936734183584,-18.48000000000097,3999,-0.011447861965491562,0.4803700925231308,3998,-0.00796398199099551,0.8866933466733367
5,2026-08-05,passive_buy,0.7,0.5,3395,0.00010419119275277264,-0.005141384388807307,-0.017941089837997425,-17.45500000000081,3395,-0.0123004418262152,0.4215022091310751,3393,-0.009236663719422446,0.8281756557618627
5,2026-08-05,passive_buy,0.7,1.0,701,0.00010419119275277264,-0.002902995720399465,-0.014379457917261215,-2.035000000000025,701,-0.011897289586305546,0.15549215406562053,701,-0.008116975748929773,0.43794579172610554
5,2026-08-05,passive_buy,0.9,0.0,1714,0.00032351090837292505,-0.003932322053676091,-0.016878646441074112,-6.740000000000819,1714,-0.007782963827304918,0.6196032672112018,1714,-0.005180863477246478,0.9480746791131855
5,2026-08-05,passive_buy,0.9,0.25,1337,0.00032351090837292505,-0.005661929693343726,-0.01864622288706114,-7.570000000000562,1337,-0.010703066566941328,0.5422587883320867,1336,-0.008181137724550999,0.9139221556886228
5,2026-08-05,passive_buy,0.9,0.5,1166,0.00032351090837292505,-0.006265008576329849,-0.019116638078902886,-7.305000000000604,1166,-0.011269296740995208,0.4897084048027444,1164,-0.008135738831615206,0.865979381443299
5,2026-08-05,passive_buy,0.9,1.0,232,0.00032351090837292505,-0.005431034482758949,-0.017500000000000192,-1.2600000000000762,232,-0.01250000000000027,0.2025862068965517,232,-0.007543103448275556,0.4698275862068966
5,2026-08-05,passive_sell,0.0,0.0,16313,-inf,-0.0024639857782137306,-0.01607123153313315,-40.19500000000059,16313,-0.009614417948875194,0.5891007172193956,16313,-0.005651321032305627,0.9650585422669037
5,2026-08-05,passive_sell,0.0,0.25,12420,-inf,-0.003705716586151431,-0.017353462157810088,-46.02500000000077,12420,-0.013057165861513826,0.4674718196457327,12420,-0.008987117552335045,0.9048309178743962
5,2026-08-05,passive_sell,0.0,0.5,9830,-inf,-0.00402899287894207,-0.017777212614445672,-39.605000000000544,9830,-0.014266531027467055,0.40895218718209564,9830,-0.010401831129196414,0.8632756866734487
5,2026-08-05,passive_sell,0.0,1.0,1932,-inf,-0.001974637681159544,-0.014870600414078847,-3.8150000000002393,1932,-0.013975155279503179,0.16356107660455488,1932,-0.00982401656314711,0.47929606625258797
5,2026-08-05,passive_sell,0.3,0.0,9410,-0.0001041911927527727,-0.0020387885228481733,-0.016193411264612313,-19.18500000000131,9410,-0.009853347502656812,0.5777895855472901,9410,-0.005732199787460216,0.9669500531349629
5,2026-08-05,passive_sell,0.3,0.25,7122,-0.0001041911927527727,-0.0035776467284472516,-0.017795563044088983,-25.480000000001326,7122,-0.013500421229991693,0.4539455209210896,7122,-0.009274080314518474,0.9021342319573153
5,2026-08-05,passive_sell,0.3,0.5,5592,-0.0001041911927527727,-0.0037249642346210824,-0.018108011444921558,-20.830000000001093,5592,-0.014654864091559439,0.40182403433476394,5592,-0.010770743919885618,0.8628397711015737
5,2026-08-05,passive_sell,0.3,1.0,1018,-0.0001041911927527727,-0.0008153241650295656,-0.014557956777996225,-0.8300000000000978,1018,-0.01407662082514736,0.16208251473477406,1018,-0.01150294695481345,0.4518664047151277
5,2026-08-05,passive_sell,0.5,0.0,6405,3.893548001042892e-05,-0.0021131928181109746,-0.01657298985167859,-13.535000000000792,6405,-0.01004527712724447,0.5907884465261515,6405,-0.005406713505074233,0.9711163153786104
5,2026-08-05,passive_sell,0.5,0.25,4898,3.893548001042892e-05,-0.0036800734993877094,-0.018252347897101166,-18.025000000001,4898,-0.01364434463046161,0.4714169048591262,4898,-0.008501429154757137,0.9140465496120865
5,2026-08-05,passive_sell,0.5,0.5,3886,3.893548001042892e-05,-0.0037133299022132607,-0.01845599588265598,-14.430000000000732,3886,-0.014773546062789595,0.417910447761194,3886,-0.00985331960885234,0.8757076685537828
5,2026-08-05,passive_sell,0.5,1.0,653,3.893548001042892e-05,0.00016079632465522493,-0.014058192955589837,0.10499999999986187,653,-0.014379785604900504,0.16079632465543645,653,-0.011056661562021699,0.4563552833078101
5,2026-08-05,passive_sell,0.7,0.0,3763,0.00020384282991038884,-0.0019798033483923658,-0.016672867393037676,-7.450000000000472,3763,-0.00999202763752324,0.5995216582513951,3763,-0.004998671272920501,0.9784746213127824
5,2026-08-05,passive_sell,0.7,0.25,2914,0.00020384282991038884,-0.0034231297186000753,-0.018229238160604316,-9.97500000000062,2914,-0.013644474948524435,0.47460535346602606,2914,-0.00788263555250509,0.9183253260123542
5,2026-08-05,passive_sell,0.7,0.5,2353,0.00020384282991038884,-0.00347216319592026,-0.018380790480238288,-8.170000000000371,2353,-0.0146578835529112,0.42498937526561836,2353,-0.009031024224394323,0.8759031024224394
5,2026-08-05,passive_sell,0.7,1.0,358,0.00020384282991038884,-0.0018854748603357036,-0.016787709497207273,-0.6750000000001819,358,-0.01628491620111743,0.15363128491620112,358,-0.011117318435754439,0.4581005586592179
5,2026-08-05,passive_sell,0.9,0.0,1187,0.0005097863218526225,-0.0014406065711881028,-0.016503791069924494,-1.710000000000278,1187,-0.009688289806234145,0.6217354675652906,1187,-0.0053580454928388865,0.9856781802864364
5,2026-08-05,passive_sell,0.9,0.25,920,0.0005097863218526225,-0.002788043478261423,-0.01807608695652249,-2.5650000000005093,920,-0.013641304347826285,0.48478260869565215,920,-0.008597826086956301,0.9271739130434783
5,2026-08-05,passive_sell,0.9,0.5,764,0.0005097863218526225,-0.003043193717277844,-0.018429319371728342,-2.325000000000273,764,-0.01486910994764409,0.4424083769633508,764,-0.009201570680628124,0.8782722513089005
5,2026-08-05,passive_sell,0.9,1.0,120,0.0005097863218526225,-0.006291666666667931,-0.020750000000001555,-0.7550000000001518,120,-0.021416666666667677,0.14166666666666666,120,-0.015750000000000715,0.43333333333333335
6,2026-08-06,passive_buy,0.0,0.0,16441,-inf,-0.003202055836019746,-0.01708046955781282,-52.64500000000065,16441,-0.010886807371814267,0.5365853658536586,16441,-0.00734930965269741,0.9163067939906332
6,2026-08-06,passive_buy,0.0,0.25,11927,-inf,-0.0055869036639557505,-0.019553114781588003,-66.63500000000023,11927,-0.014181269388781724,0.4644923283306783,11927,-0.01081076549006456,0.858556216986669
6,2026-08-06,passive_buy,0.0,0.5,9198,-inf,-0.006431833007175491,-0.020390302239617342,-59.16000000000017,9198,-0.015452272233094137,0.4020439225918678,9198,-0.012595129375951265,0.8037616873233312
6,2026-08-06,passive_buy,0.0,1.0,1815,-inf,-0.005909090909091016,-0.01899724517906335,-10.725000000000193,1815,-0.017421487603305624,0.10798898071625344,1813,-0.014241588527302857,0.3607280750137893
6,2026-08-06,passive_buy,0.3,0.0,10762,-0.00018691329746474165,-0.003074242705816745,-0.01652759710091058,-33.08499999999981,10762,-0.010237874001114883,0.5367961345474819,10762,-0.006872328563463891,0.9173016167998513
6,2026-08-06,passive_buy,0.3,0.25,8042,-0.00018691329746474165,-0.005639766227306625,-0.019144491420044714,-45.354999999999876,8042,-0.01361477244466543,0.4599602089032579,8042,-0.010584431733399643,0.8542651081820443
6,2026-08-06,passive_buy,0.3,0.5,6251,-0.00018691329746474165,-0.006326987681970852,-0.019814429691249358,-39.5499999999998,6251,-0.014632858742601125,0.39673652215645494,6251,-0.012118061110222338,0.799072148456247
6,2026-08-06,passive_buy,0.3,1.0,1194,-0.00018691329746474165,-0.006009212730318374,-0.018618090452261243,-7.175000000000139,1194,-0.016373534338358208,0.10971524288107203,1192,-0.012768456375838805,0.3624161073825503
6,2026-08-06,passive_buy,0.5,0.0,7395,-2.187925931082035e-05,-0.0033549695740365116,-0.016670723461798487,-24.810000000000002,7395,-0.009999999999999893,0.5490196078431373,7395,-0.006785665990534056,0.9184584178498986
6,2026-08-06,passive_buy,0.5,0.25,5619,-2.187925931082035e-05,-0.0060686954974194735,-0.01942694429613806,-34.10000000000002,5619,-0.013707065314112818,0.4687666844634277,5619,-0.010541021534080808,0.8583377825235807
6,2026-08-06,passive_buy,0.5,0.5,4476,-2.187925931082035e-05,-0.006663315460232332,-0.02004468275245752,-29.824999999999918,4476,-0.014727435210008915,0.4075067024128686,4476,-0.011970509383377946,0.8047363717605005
6,2026-08-06,passive_buy,0.5,1.0,826,-2.187925931082035e-05,-0.0055629539951576245,-0.017941888619854764,-4.595000000000198,826,-0.015157384987893286,0.1198547215496368,825,-0.01090909090909084,0.38545454545454544
6,2026-08-06,passive_buy,0.7,0.0,4397,0.00012329378974960077,-0.0037059358653627477,-0.016816010916533966,-16.295,4397,-0.009536047304980621,0.5722083238571753,4397,-0.006313395496929703,0.926768251080282
6,2026-08-06,passive_buy,0.7,0.25,3400,0.00012329378974960077,-0.0061000000000000065,-0.01920588235294112,-20.740000000000023,3400,-0.013008823529411791,0.48205882352941176,3400,-0.009800000000000078,0.8691176470588236
6,2026-08-06,passive_buy,0.7,0.5,2758,0.00012329378974960077,-0.006778462654097159,-0.01989485134155179,-18.694999999999965,2758,-0.014173313995649047,0.4180565627266135,2758,-0.011174764321972461,0.8161711385061639
6,2026-08-06,passive_buy,0.7,1.0,481,0.00012329378974960077,-0.005634095634096123,-0.017775467775467946,-2.7100000000002353,481,-0.014594594594594498,0.1392931392931393,480,-0.011562500000000113,0.4083333333333333
6,2026-08-06,passive_buy,0.9,0.0,1349,0.0003477537192241562,-0.0046738324684952185,-0.017924388435878288,-6.3050000000000495,1349,-0.008421052631578916,0.6931060044477391,1349,-0.006100815418828775,0.955522609340252
6,2026-08-06,passive_buy,0.9,0.25,1079,0.0003477537192241562,-0.006668211306765412,-0.01994439295644087,-7.1949999999998795,1079,-0.01139944392956462,0.6227988878591288,1079,-0.008980537534754545,0.9258572752548656
6,2026-08-06,passive_buy,0.9,0.5,878,0.0003477537192241562,-0.007124145785876907,-0.020387243735762804,-6.254999999999924,878,-0.012004555808656205,0.5489749430523918,878,-0.009943052391799824,0.8906605922551253
6,2026-08-06,passive_buy,0.9,1.0,135,0.0003477537192241562,-0.0061851851851869285,-0.01837037037037182,-0.8350000000002353,135,-0.012370370370371015,0.26666666666666666,135,-0.008370370370371074,0.5333333333333333
6,2026-08-06,passive_sell,0.0,0.0,15415,-inf,-0.00386960752513782,-0.017987025624391816,-59.649999999999494,15415,-0.011434317223483637,0.5703535517353228,15414,-0.007923965226417508,0.9458933437135072
6,2026-08-06,passive_sell,0.0,0.25,11836,-inf,-0.005224315647178027,-0.019537850625211173,-61.83499999999913,11836,-0.015027881040892189,0.4648529908752957,11835,-0.011950992817912912,0.8937051119560625
6,2026-08-06,passive_sell,0.0,0.5,9390,-inf,-0.005690628328008414,-0.02005750798722038,-53.43499999999901,9390,-0.01629712460063895,0.3898828541001065,9389,-0.013366705719458893,0.8391735009053147
6,2026-08-06,passive_sell,0.0,1.0,1696,-inf,-0.0034374999999997225,-0.017305424528301576,-5.829999999999529,1696,-0.015683962264150714,0.12912735849056603,1696,-0.01570165094339629,0.4209905660377358
6,2026-08-06,passive_sell,0.3,0.0,9156,-0.00012329378974960085,-0.0039880952380951995,-0.018691568370467433,-36.514999999999645,9156,-0.012124290083005716,0.5650939274792486,9155,-0.00804587657018025,0.9471327143637357
6,2026-08-06,passive_sell,0.3,0.25,7014,-0.00012329378974960085,-0.005511833475905304,-0.020406330196749357,-38.6599999999998,7014,-0.015802680353578603,0.45922440832620476,7013,-0.012123199771852273,0.8954798231855127
6,2026-08-06,passive_sell,0.3,0.5,5580,-0.00012329378974960085,-0.0061129032258063825,-0.021026881720430084,-34.109999999999616,5580,-0.01732974910394265,0.38297491039426523,5579,-0.013954113640437348,0.8381430363864492
6,2026-08-06,passive_sell,0.3,1.0,899,-0.00012329378974960085,-0.0031201334816459017,-0.01764182424916539,-2.8049999999996658,899,-0.016340378197997694,0.12013348164627363,899,-0.015862068965517388,0.40489432703003336
6,2026-08-06,passive_sell,0.5,0.0,6042,2.187925931082035e-05,-0.00395481628599798,-0.019036742800397185,-23.894999999999797,6042,-0.012346904998344968,0.5915259847732539,6041,-0.008442310875682845,0.9541466644595266
6,2026-08-06,passive_sell,0.5,0.25,4725,2.187925931082035e-05,-0.00536507936507931,-0.02066878306878303,-25.34999999999974,4725,-0.01595132275132278,0.4768253968253968,4724,-0.012464013547840805,0.9019898391193903
6,2026-08-06,passive_sell,0.5,0.5,3787,2.187925931082035e-05,-0.006066807499339774,-0.0213810404013731,-22.974999999999724,3787,-0.01764985476630579,0.4029574861367837,3786,-0.01442155309033281,0.849445324881141
6,2026-08-06,passive_sell,0.5,1.0,548,2.187925931082035e-05,-0.0021897810218975563,-0.017189781021897516,-1.1999999999998607,548,-0.015437956204379369,0.11861313868613138,548,-0.015383211678832207,0.4233576642335766
6,2026-08-06,passive_sell,0.7,0.0,3243,0.0001869132974647416,-0.003809744064138202,-0.019315448658649426,-12.355000000000189,3243,-0.012543940795559757,0.6096207215541165,3242,-0.008584207279457147,0.9599012954966071
6,2026-08-06,passive_sell,0.7,0.25,2551,0.0001869132974647416,-0.0052940023520188645,-0.020972167777342277,-13.505000000000123,2551,-0.01604468835750688,0.4954919639357115,2550,-0.012529411764705862,0.912156862745098
6,2026-08-06,passive_sell,0.7,0.5,2068,0.0001869132974647416,-0.005976789168278584,-0.021605415860735104,-12.360000000000113,2068,-0.017524177949709882,0.42504835589941975,2067,-0.0145089501693276,0.8664731494920174
6,2026-08-06,passive_sell,0.7,1.0,287,0.0001869132974647416,-0.0015331010452964069,-0.017247386759582213,-0.4400000000000688,287,-0.014459930313588968,0.13937282229965156,287,-0.014668989547038404,0.4634146341463415
6,2026-08-06,passive_sell,0.9,0.0,844,0.0005043746081806995,-0.00546208530805672,-0.021267772511848127,-4.6099999999998715,844,-0.012902843601895768,0.6362559241706162,843,-0.008849347568208635,0.970344009489917
6,2026-08-06,passive_sell,0.9,0.25,672,0.0005043746081806995,-0.007023809523809353,-0.022857142857142698,-4.719999999999885,672,-0.017336309523809594,0.5089285714285714,671,-0.013383010432190787,0.9165424739195231
6,2026-08-06,passive_sell,0.9,0.5,560,0.0005043746081806995,-0.007928571428571196,-0.023857142857142667,-4.43999999999987,560,-0.01924999999999995,0.44285714285714284,559,-0.01355992844364932,0.8676207513416816
6,2026-08-06,passive_sell,0.9,1.0,87,0.0005043746081806995,-0.009540229885056635,-0.025632183908045204,-0.8299999999999272,87,-0.02551724137931017,0.12643678160919541,87,-0.02712643678160886,0.4482758620689655
7,2026-08-07,passive_buy,0.0,0.0,14651,-inf,-0.0033987441130297995,-0.017106682137738007,-49.79499999999959,14651,-0.009922872158897027,0.5132072896048051,14651,-0.006918299092212149,0.8947512115213978
7,2026-08-07,passive_buy,0.0,0.25,10758,-inf,-0.005978341699200505,-0.02002230897936411,-64.31499999999903,10758,-0.014356757761665737,0.43372374047220674,10758,-0.011330172894590023,0.8454173638222718
7,2026-08-07,passive_buy,0.0,0.5,8908,-inf,-0.006361136057476329,-0.020433318365514055,-56.66499999999914,8908,-0.015685900314324208,0.37920969914683433,8903,-0.012577782769852802,0.7999550713242727
7,2026-08-07,passive_buy,0.0,1.0,1974,-inf,-0.005000000000000045,-0.0175785207700103,-9.87000000000009,1974,-0.015835866261398285,0.10283687943262411,1970,-0.01551776649746186,0.35736040609137054
7,2026-08-07,passive_buy,0.3,0.0,9498,-0.00017374605570900318,-0.0030753842914297935,-0.01656348704990525,-29.21000000000018,9498,-0.009887344704148272,0.5032638450200042,9498,-0.00682985891766689,0.8907138344914719
7,2026-08-07,passive_buy,0.3,0.25,6983,-0.00017374605570900318,-0.005780466848059526,-0.01967635686667616,-40.36499999999967,6983,-0.014669912644995018,0.43104682801088356,6983,-0.011715595016468593,0.8423313761993413
7,2026-08-07,passive_buy,0.3,0.5,5749,-0.00017374605570900318,-0.005969733866759378,-0.019867803096190587,-34.319999999999666,5749,-0.015731431553313652,0.37658723256218474,5747,-0.012820602053245173,0.7958935096572125
7,2026-08-07,passive_buy,0.3,1.0,1177,-0.00017374605570900318,-0.0037892948173324607,-0.016372132540357263,-4.460000000000306,1177,-0.015250637213254268,0.1070518266779949,1176,-0.013537414965986335,0.3596938775510204
7,2026-08-07,passive_buy,0.5,0.0,6623,-6.486622797531619e-06,-0.0029714630831949684,-0.016291710705118537,-19.680000000000277,6623,-0.009551562735920338,0.5130605465800997,6623,-0.006379284312245245,0.8971765061150536
7,2026-08-07,passive_buy,0.5,0.25,4882,-6.486622797531619e-06,-0.005680049160180252,-0.019418271200327703,-27.72999999999999,4882,-0.014221630479311843,0.44653830397378125,4882,-0.011058992216304887,0.8551823023351086
7,2026-08-07,passive_buy,0.5,0.5,4066,-6.486622797531619e-06,-0.005860796851942931,-0.019611411706837185,-23.829999999999956,4066,-0.015368912936547078,0.39350713231677326,4065,-0.012413284132841412,0.8059040590405904
7,2026-08-07,passive_buy,0.5,1.0,779,-6.486622797531619e-06,-0.004595635430038764,-0.01717586649550749,-3.5800000000001972,779,-0.01613607188703505,0.12323491655969192,779,-0.0150706033376123,0.3851091142490372
7,2026-08-07,passive_buy,0.7,0.0,4163,0.00014005311304165355,-0.002142685563295786,-0.015332692769637304,-8.920000000000357,4163,-0.009055969252942655,0.5258227239971175,4163,-0.005808311313956293,0.9043958683641604
7,2026-08-07,passive_buy,0.7,0.25,3068,0.00014005311304165355,-0.004621903520208718,-0.018305084745762767,-14.180000000000348,3068,-0.013559322033898516,0.46479791395045633,3068,-0.010133637548892,0.8657105606258149
7,2026-08-07,passive_buy,0.7,0.5,2579,0.00014005311304165355,-0.00477316789453293,-0.01845288871655694,-12.310000000000429,2579,-0.014765412950756316,0.4117875145405196,2578,-0.011202482544608441,0.8211792086889061
7,2026-08-07,passive_buy,0.7,1.0,470,0.00014005311304165355,-0.0032553191489365658,-0.015744680851064598,-1.5300000000001859,470,-0.01512765957446881,0.14468085106382977,470,-0.013723404255319186,0.4319148936170213
7,2026-08-07,passive_buy,0.9,0.0,1350,0.00037995366367348155,-0.0005370370370370118,-0.014325925925925723,-0.7249999999999659,1350,-0.00911111111111093,0.5940740740740741,1350,-0.006340740740740553,0.9311111111111111
7,2026-08-07,passive_buy,0.9,0.25,1041,0.00037995366367348155,-0.0018347742555236,-0.01602305475504318,-1.9100000000000676,1041,-0.013150816522574391,0.5225744476464937,1041,-0.009836695485110384,0.9106628242074928
7,2026-08-07,passive_buy,0.9,0.5,870,0.00037995366367348155,-0.0019080459770115556,-0.016080459770114904,-1.6600000000000534,870,-0.014114942528735585,0.4804597701149425,869,-0.011070195627157527,0.8803222094361335
7,2026-08-07,passive_buy,0.9,1.0,144,0.00037995366367348155,-0.0015625000000010461,-0.015208333333334304,-0.22500000000015064,144,-0.016041666666667176,0.2847222222222222,144,-0.009027777777777659,0.5625
7,2026-08-07,passive_sell,0.0,0.0,12979,-inf,-0.002646968179366813,-0.016538254102781515,-34.355000000001866,12979,-0.010226519762693662,0.5301641112566453,12979,-0.006195392557207839,0.9262655058170891
7,2026-08-07,passive_sell,0.0,0.25,9899,-inf,-0.003963026568340352,-0.017892716436003705,-39.23000000000114,9899,-0.013390241438529165,0.41438529144358016,9899,-0.009718153348823146,0.8507930093948883
7,2026-08-07,passive_sell,0.0,0.5,8140,-inf,-0.004052825552825647,-0.01798157248157254,-32.99000000000076,8140,-0.014239557739557757,0.35995085995085996,8140,-0.010465601965601952,0.7984029484029485
7,2026-08-07,passive_sell,0.0,1.0,1681,-inf,-0.002650208209399225,-0.015383700178465194,-4.455000000000098,1681,-0.014562760261748868,0.11183819155264724,1681,-0.012153480071385923,0.38905413444378345
7,2026-08-07,passive_sell,0.3,0.0,7026,-0.00014005311304165355,-0.0022238827213210736,-0.016781952746940186,-15.625000000001862,7026,-0.010442641616851838,0.5409906063193851,7026,-0.006130088243666425,0.9345288926843154
7,2026-08-07,passive_sell,0.3,0.25,5240,-0.00014005311304165355,-0.0037051526717560086,-0.01835114503816822,-19.415000000001484,5240,-0.01375763358778641,0.42805343511450383,5240,-0.009595419847328302,0.8631679389312977
7,2026-08-07,passive_sell,0.3,0.5,4228,-0.00014005311304165355,-0.0036885052034061846,-0.018408230842006004,-15.595000000001349,4228,-0.014612109744560267,0.3763008514664144,4228,-0.010707190160832571,0.8200094607379376
7,2026-08-07,passive_sell,0.3,1.0,723,-0.00014005311304165355,-0.0015975103734445157,-0.015325034578147307,-1.1550000000003848,723,-0.014813278008298982,0.12309820193637622,723,-0.013070539419087122,0.39280774550484093
7,2026-08-07,passive_sell,0.5,0.0,4696,6.486622797531619e-06,-0.002118824531516566,-0.01694420783645688,-9.950000000001793,4696,-0.010093696763202936,0.5621805792163543,4696,-0.005971039182282943,0.9422913117546848
7,2026-08-07,passive_sell,0.5,0.25,3505,6.486622797531619e-06,-0.0036376604850218114,-0.018550641940085953,-12.75000000000145,3505,-0.013566333808844686,0.4479315263908702,3505,-0.009423680456490861,0.8761768901569187
7,2026-08-07,passive_sell,0.5,0.5,2842,6.486622797531619e-06,-0.003377902885292516,-0.018360309641098242,-9.60000000000133,2842,-0.014359605911330295,0.39901477832512317,2842,-0.010242786769880491,0.8413089373680507
7,2026-08-07,passive_sell,0.5,1.0,438,6.486622797531619e-06,-0.0008219178082198257,-0.015136986301370744,-0.36000000000028365,438,-0.014292237442922613,0.14840182648401826,438,-0.013219178082191925,0.4429223744292237
7,2026-08-07,passive_sell,0.7,0.0,2751,0.00017374605570900315,-0.001932024718284709,-0.01716466739367527,-5.315000000001234,2751,-0.009552889858233623,0.5805161759360232,2751,-0.005717920756088996,0.9462013813158852
7,2026-08-07,passive_sell,0.7,0.25,2084,0.00017374605570900315,-0.00310700575815781,-0.01856525911708276,-6.475000000000875,2084,-0.01249040307101737,0.4793666026871401,2084,-0.008694817658349549,0.8934740882917467
7,2026-08-07,passive_sell,0.7,0.5,1733,0.00017374605570900315,-0.0037968840161574113,-0.019221004039238567,-6.580000000000794,1733,-0.014004616272360215,0.42469705712637046,1733,-0.010403923831506264,0.8574725908828621
7,2026-08-07,passive_sell,0.7,1.0,263,0.00017374605570900315,0.0009315589353606937,-0.014106463878327431,0.24499999999986244,263,-0.01323193916349806,0.17490494296577946,263,-0.017148288973384374,0.4600760456273764
7,2026-08-07,passive_sell,0.9,0.0,879,0.000494001579290658,0.000568828213879457,-0.01544937428896456,0.5000000000000426,879,-0.008202502844141079,0.6336746302616609,879,-0.004766780432309618,0.9419795221843004
7,2026-08-07,passive_sell,0.9,0.25,693,0.000494001579290658,0.0001587301587300964,-0.016132756132756092,0.1099999999999568,693,-0.011038961038961048,0.5324675324675324,693,-0.00718614718614752,0.8975468975468975
7,2026-08-07,passive_sell,0.9,0.5,584,0.000494001579290658,-0.001686643835616267,-0.017842465753424346,-0.9849999999999,584,-0.013253424657534263,0.4811643835616438,584,-0.008818493150685258,0.8715753424657534
7,2026-08-07,passive_sell,0.9,1.0,77,0.000494001579290658,0.01025974025974034,-0.0066233766233763204,0.7900000000000063,77,-0.010649350649350376,0.2077922077922078,77,-0.004675324675325037,0.5194805194805194
